OrderID,DateTime,CustomerID,PaymentType,Status,TransactionID,TotalPrice
1,2023-04-13,20,VNPay,1,TXN744167,0.0
2,2023-07-08,7,Paypal,1,TXN187498,0.0
3,2023-03-29,4,Paypal,3,TXN429365,0.0
4,2023-11-05,2,Paypal,3,TXN876997,0.0
5,2024-01-21,1,Paypal,3,TXN358795,0.0
6,2023-12-11,17,VNPay,3,TXN484681,0.0
7,2023-07-07,16,VNPay,2,TXN184654,0.0
8,2023-02-20,12,VNPay,4,TXN373538,0.0
9,2023-11-03,7,VNPay,2,TXN449457,0.0
10,2024-01-23,14,Paypal,2,TXN517113,0.0
11,2023-02-22,2,Paypal,1,TXN778843,0.0
12,2023-09-21,15,VNPay,4,TXN560337,0.0
13,2023-12-26,4,Paypal,2,TXN864469,0.0
14,2023-04-16,4,Paypal,0,TXN302283,0.0
15,2023-06-11,10,Paypal,4,TXN635822,0.0
16,2023-08-03,8,VNPay,2,TXN567281,0.0
17,2024-01-02,13,VNPay,1,TXN476896,0.0
18,2023-12-11,7,VNPay,3,TXN233767,0.0
19,2023-03-04,11,VNPay,3,TXN113986,0.0
20,2024-02-23,1,VNPay,0,TXN388998,0.0
21,2023-02-10,7,VNPay,3,TXN475713,0.0
22,2023-02-02,16,VNPay,2,TXN747972,0.0
23,2023-04-09,12,Paypal,1,TXN994498,0.0
24,2023-08-15,5,VNPay,3,TXN284064,0.0
25,2023-01-05,14,VNPay,0,TXN318126,0.0
26,2023-12-12,10,Paypal,1,TXN869598,0.0
27,2023-12-18,7,VNPay,2,TXN210687,0.0
28,2024-01-23,5,VNPay,3,TXN298286,0.0
29,2023-06-20,4,VNPay,0,TXN961882,0.0
30,2023-08-31,2,Paypal,3,TXN542296,0.0
31,2023-05-14,12,Paypal,2,TXN252906,0.0
32,2023-05-08,7,Paypal,1,TXN752664,0.0
33,2023-10-10,20,VNPay,3,TXN599046,0.0
34,2023-07-17,8,VNPay,2,TXN890180,0.0
35,2023-08-13,19,Paypal,2,TXN265838,0.0
36,2023-11-11,9,Paypal,2,TXN539792,0.0
37,2023-02-21,12,Paypal,3,TXN582690,0.0
38,2023-04-23,5,VNPay,4,TXN870746,0.0
39,2023-04-23,2,Paypal,2,TXN494070,0.0
40,2023-08-12,1,VNPay,1,TXN613153,0.0
41,2023-02-22,12,Paypal,4,TXN580671,0.0
42,2023-09-04,4,VNPay,3,TXN481050,0.0
43,2024-02-05,6,Paypal,2,TXN206081,0.0
44,2023-07-17,11,VNPay,0,TXN518400,0.0
45,2023-07-20,6,Paypal,0,TXN411955,0.0
46,2023-09-09,4,VNPay,3,TXN851102,0.0
47,2023-05-27,20,Paypal,0,TXN501896,0.0
48,2024-02-21,8,Paypal,3,TXN373255,0.0
49,2023-05-09,11,Paypal,3,TXN474705,0.0
50,2023-05-31,10,VNPay,1,TXN745263,0.0
51,2023-12-12,16,VNPay,3,TXN473616,0.0
52,2023-01-02,1,Paypal,4,TXN907364,0.0
53,2023-02-06,9,VNPay,2,TXN639439,0.0
54,2023-07-27,3,Paypal,3,TXN488215,0.0
55,2023-06-10,20,VNPay,4,TXN891971,0.0
56,2024-02-26,8,Paypal,3,TXN757917,0.0
57,2023-04-09,18,Paypal,2,TXN177505,0.0
58,2023-11-06,3,Paypal,4,TXN718467,0.0
59,2023-06-10,4,VNPay,2,TXN580047,0.0
60,2024-02-08,8,VNPay,3,TXN956703,0.0
61,2023-02-02,16,Paypal,3,TXN538741,0.0
62,2024-01-10,14,Paypal,4,TXN234508,0.0
63,2023-02-20,8,VNPay,2,TXN940477,0.0
64,2023-04-07,15,Paypal,3,TXN979611,0.0
65,2023-11-13,16,VNPay,3,TXN996048,0.0
66,2023-01-17,12,Paypal,2,TXN182989,0.0
67,2024-01-08,6,VNPay,3,TXN920260,0.0
68,2023-10-07,17,Paypal,4,TXN559451,0.0
69,2023-04-26,1,Paypal,2,TXN650929,0.0
70,2023-10-08,10,VNPay,3,TXN465890,0.0
71,2023-12-26,14,Paypal,1,TXN104014,0.0
72,2023-12-08,2,VNPay,3,TXN855073,0.0
73,2023-09-30,8,VNPay,1,TXN833429,0.0
74,2023-06-25,7,VNPay,1,TXN542905,0.0
75,2023-12-21,18,VNPay,3,TXN319963,0.0
76,2024-01-26,4,VNPay,1,TXN701863,0.0
77,2024-02-04,14,Paypal,3,TXN224046,0.0
78,2023-04-02,2,Paypal,2,TXN749150,0.0
79,2023-12-08,19,VNPay,1,TXN750429,0.0
80,2023-05-05,17,Paypal,0,TXN284078,0.0
81,2023-02-23,11,Paypal,2,TXN351451,0.0
82,2023-04-18,5,VNPay,0,TXN821772,0.0
83,2024-01-07,15,VNPay,3,TXN173523,0.0
84,2023-05-24,13,Paypal,3,TXN970045,0.0
85,2023-05-27,17,Paypal,1,TXN128251,0.0
86,2023-02-27,5,Paypal,4,TXN283062,0.0
87,2023-05-07,9,Paypal,2,TXN953049,0.0
88,2023-05-02,1,VNPay,1,TXN763165,0.0
89,2023-04-28,16,VNPay,3,TXN738836,0.0
90,2024-01-20,16,VNPay,3,TXN765022,0.0
91,2023-03-10,3,Paypal,3,TXN955474,0.0
92,2023-03-27,14,Paypal,0,TXN965264,0.0
93,2023-04-04,14,Paypal,3,TXN326507,0.0
94,2024-02-04,16,VNPay,2,TXN555968,0.0
95,2023-09-11,5,VNPay,0,TXN834965,0.0
96,2023-11-21,4,Paypal,1,TXN820777,0.0
97,2023-09-07,19,Paypal,3,TXN404119,0.0
98,2023-11-21,13,Paypal,3,TXN288751,0.0
99,2023-09-04,2,VNPay,3,TXN843583,0.0
100,2023-12-06,12,Paypal,3,TXN453824,0.0
101,2024-02-21,19,VNPay,4,TXN599522,0.0
102,2023-03-06,1,Paypal,4,TXN251836,0.0
103,2024-02-01,12,VNPay,2,TXN721820,0.0
104,2023-08-30,3,VNPay,0,TXN649639,0.0
105,2023-04-03,10,Paypal,2,TXN943890,0.0
106,2023-04-15,7,Paypal,3,TXN924945,0.0
107,2023-03-16,4,VNPay,3,TXN323992,0.0
108,2023-06-13,10,VNPay,3,TXN933727,0.0
109,2023-08-15,17,VNPay,2,TXN924273,0.0
110,2023-04-06,5,Paypal,2,TXN695468,0.0
111,2023-10-06,3,VNPay,2,TXN734736,0.0
112,2023-03-03,20,Paypal,2,TXN219180,0.0
113,2023-07-06,19,VNPay,0,TXN295004,0.0
114,2023-08-21,19,Paypal,2,TXN159163,0.0
115,2023-07-25,20,VNPay,2,TXN239407,0.0
116,2024-01-08,5,VNPay,3,TXN766490,0.0
117,2023-02-22,16,VNPay,1,TXN189780,0.0
118,2023-02-11,7,Paypal,3,TXN633636,0.0
119,2023-06-12,11,VNPay,1,TXN827627,0.0
120,2023-01-09,10,Paypal,3,TXN308124,0.0
121,2023-08-18,7,Paypal,3,TXN139081,0.0
122,2024-01-28,18,VNPay,3,TXN314532,0.0
123,2023-01-29,5,Paypal,4,TXN113807,0.0
124,2023-12-31,1,Paypal,3,TXN792440,0.0
125,2023-10-28,4,Paypal,2,TXN119870,0.0
126,2023-10-02,12,Paypal,3,TXN911721,0.0
127,2023-12-12,19,VNPay,2,TXN186188,0.0
128,2023-05-21,18,Paypal,3,TXN130355,0.0
129,2023-11-13,9,VNPay,3,TXN601708,0.0
130,2023-12-14,17,VNPay,3,TXN989765,0.0
131,2023-04-27,6,Paypal,0,TXN753983,0.0
132,2023-06-22,15,VNPay,0,TXN455540,0.0
133,2023-07-22,5,Paypal,3,TXN375987,0.0
134,2024-02-06,15,VNPay,1,TXN359214,0.0
135,2024-02-19,1,VNPay,3,TXN824226,0.0
136,2023-05-24,11,Paypal,4,TXN111023,0.0
137,2023-12-24,12,Paypal,3,TXN260775,0.0
138,2023-05-02,4,Paypal,2,TXN730075,0.0
139,2023-06-27,5,VNPay,1,TXN597562,0.0
140,2023-05-25,9,VNPay,2,TXN790907,0.0
141,2023-08-28,13,Paypal,0,TXN538661,0.0
142,2023-03-23,19,Paypal,3,TXN229473,0.0
143,2023-01-10,18,VNPay,0,TXN625303,0.0
144,2023-10-16,1,Paypal,4,TXN212816,0.0
145,2023-09-24,17,VNPay,0,TXN962312,0.0
146,2023-04-09,1,VNPay,0,TXN374907,0.0
147,2023-07-16,5,Paypal,4,TXN910006,0.0
148,2023-02-22,5,Paypal,3,TXN244528,0.0
149,2023-03-26,14,VNPay,1,TXN931538,0.0
150,2023-06-22,13,Paypal,1,TXN399888,0.0
151,2023-10-15,2,Paypal,1,TXN900921,0.0
152,2023-09-07,2,Paypal,3,TXN718362,0.0
153,2023-11-02,12,VNPay,3,TXN731172,0.0
154,2023-08-10,17,Paypal,2,TXN639542,0.0
155,2023-07-26,5,VNPay,3,TXN585450,0.0
156,2023-04-13,6,Paypal,0,TXN106949,0.0
157,2023-11-02,2,Paypal,2,TXN880722,0.0
158,2023-11-04,6,VNPay,3,TXN350875,0.0
159,2023-01-30,10,VNPay,3,TXN465340,0.0
160,2024-01-23,10,Paypal,3,TXN610736,0.0
161,2023-12-06,5,Paypal,3,TXN105569,0.0
162,2023-07-24,11,VNPay,1,TXN871954,0.0
163,2023-04-21,16,VNPay,2,TXN777775,0.0
164,2023-01-08,4,Paypal,3,TXN272312,0.0
165,2023-07-14,3,VNPay,3,TXN962129,0.0
166,2023-03-02,19,VNPay,3,TXN580721,0.0
167,2023-04-02,10,VNPay,0,TXN664037,0.0
168,2023-01-01,5,VNPay,2,TXN848589,0.0
169,2023-02-03,17,Paypal,2,TXN312890,0.0
170,2023-03-14,15,VNPay,3,TXN883415,0.0
171,2023-12-16,11,VNPay,2,TXN759792,0.0
172,2023-01-26,4,VNPay,0,TXN572930,0.0
173,2023-09-10,20,VNPay,3,TXN735605,0.0
174,2023-01-14,14,Paypal,3,TXN467257,0.0
175,2023-01-14,19,VNPay,3,TXN969270,0.0
176,2023-08-26,11,VNPay,0,TXN218033,0.0
177,2023-10-21,3,VNPay,1,TXN960120,0.0
178,2023-04-29,5,Paypal,0,TXN347736,0.0
179,2023-09-30,7,Paypal,2,TXN672203,0.0
180,2023-01-25,17,VNPay,3,TXN732387,0.0
181,2024-01-29,3,VNPay,2,TXN126734,0.0
182,2023-08-16,15,Paypal,3,TXN435623,0.0
183,2024-02-28,17,Paypal,1,TXN462920,0.0
184,2023-04-11,6,Paypal,3,TXN699991,0.0
185,2023-11-11,13,Paypal,3,TXN814016,0.0
186,2023-05-30,6,Paypal,1,TXN258211,0.0
187,2023-12-16,11,Paypal,1,TXN244990,0.0
188,2023-06-01,9,VNPay,0,TXN856254,0.0
189,2023-02-09,5,Paypal,4,TXN640677,0.0
190,2023-11-18,20,Paypal,4,TXN843246,0.0
191,2023-05-14,17,Paypal,1,TXN899666,0.0
192,2023-03-03,2,VNPay,3,TXN344761,0.0
193,2023-06-22,12,VNPay,1,TXN928533,0.0
194,2023-11-20,19,Paypal,3,TXN335659,0.0
195,2023-02-16,1,Paypal,3,TXN666821,0.0
196,2023-10-20,11,VNPay,2,TXN609930,0.0
197,2023-09-16,1,Paypal,2,TXN689833,0.0
198,2023-09-18,10,Paypal,1,TXN105287,0.0
199,2023-05-10,20,VNPay,1,TXN208872,0.0
200,2023-09-30,9,VNPay,2,TXN722117,0.0
201,2024-02-23,17,VNPay,3,TXN886667,0.0
202,2023-11-30,11,VNPay,1,TXN435842,0.0
203,2023-02-04,1,Paypal,3,TXN237023,0.0
204,2023-12-15,8,VNPay,3,TXN451005,0.0
205,2023-10-18,5,VNPay,1,TXN599097,0.0
206,2023-03-03,4,VNPay,3,TXN577272,0.0
207,2024-02-06,8,Paypal,2,TXN139711,0.0
208,2023-06-28,6,VNPay,3,TXN249646,0.0
209,2023-06-02,17,VNPay,2,TXN611937,0.0
210,2023-11-05,8,Paypal,3,TXN953938,0.0
211,2023-07-17,6,VNPay,3,TXN910951,0.0
212,2023-02-11,20,VNPay,3,TXN367552,0.0
213,2023-08-19,4,VNPay,1,TXN953088,0.0
214,2024-02-15,1,Paypal,1,TXN945633,0.0
215,2023-01-10,5,VNPay,3,TXN670485,0.0
216,2023-10-21,13,VNPay,2,TXN302967,0.0
217,2023-07-03,15,VNPay,3,TXN226108,0.0
218,2023-02-16,4,Paypal,3,TXN247550,0.0
219,2023-04-25,19,Paypal,3,TXN486858,0.0
220,2023-10-10,5,Paypal,1,TXN114153,0.0
221,2023-12-26,6,Paypal,2,TXN494030,0.0
222,2023-12-12,14,VNPay,1,TXN306988,0.0
223,2023-04-14,18,VNPay,1,TXN191751,0.0
224,2023-11-12,11,Paypal,1,TXN311951,0.0
225,2023-11-20,5,Paypal,0,TXN100126,0.0
226,2023-04-16,17,Paypal,2,TXN417320,0.0
227,2023-02-20,14,Paypal,3,TXN278954,0.0
228,2024-02-11,1,Paypal,1,TXN232717,0.0
229,2024-02-24,1,VNPay,2,TXN532498,0.0
230,2024-02-28,15,VNPay,2,TXN568276,0.0
231,2023-05-17,10,Paypal,3,TXN984377,0.0
232,2024-02-29,3,VNPay,2,TXN863978,0.0
233,2023-10-21,2,VNPay,2,TXN944193,0.0
234,2023-12-13,17,Paypal,1,TXN301579,0.0
235,2023-09-08,19,Paypal,1,TXN429670,0.0
236,2023-06-29,6,VNPay,4,TXN483152,0.0
237,2023-10-12,11,Paypal,1,TXN247313,0.0
238,2023-02-18,7,VNPay,4,TXN857907,0.0
239,2023-04-28,8,VNPay,1,TXN626047,0.0
240,2023-05-21,19,VNPay,3,TXN193501,0.0
241,2023-02-01,17,VNPay,2,TXN697135,0.0
242,2024-02-28,19,Paypal,1,TXN924690,0.0
243,2023-06-24,18,Paypal,3,TXN662288,0.0
244,2023-04-24,6,VNPay,1,TXN286240,0.0
245,2023-09-21,7,VNPay,2,TXN962061,0.0
246,2023-06-11,1,VNPay,4,TXN912831,0.0
247,2023-06-27,7,VNPay,2,TXN997336,0.0
248,2023-09-04,3,Paypal,1,TXN687518,0.0
249,2023-11-24,15,VNPay,1,TXN779520,0.0
250,2023-04-02,15,Paypal,0,TXN134911,0.0
251,2023-03-29,14,Paypal,3,TXN708746,0.0
252,2024-02-04,4,Paypal,3,TXN745588,0.0
253,2024-02-02,16,Paypal,0,TXN354726,0.0
254,2023-06-10,19,Paypal,1,TXN244931,0.0
255,2023-10-12,18,Paypal,4,TXN123236,0.0
256,2024-02-08,11,Paypal,3,TXN194914,0.0
257,2023-04-29,12,Paypal,3,TXN756639,0.0
258,2023-08-10,9,Paypal,3,TXN220674,0.0
259,2023-12-08,12,Paypal,1,TXN541501,0.0
260,2023-04-30,14,VNPay,3,TXN807280,0.0
261,2024-01-05,19,VNPay,1,TXN659655,0.0
262,2023-08-25,7,VNPay,1,TXN413837,0.0
263,2023-01-04,13,Paypal,1,TXN444138,0.0
264,2023-11-22,18,Paypal,1,TXN531459,0.0
265,2023-02-10,6,Paypal,3,TXN328504,0.0
266,2024-01-13,12,VNPay,1,TXN641013,0.0
267,2023-01-27,6,VNPay,3,TXN851883,0.0
268,2023-08-25,7,Paypal,4,TXN397881,0.0
269,2023-07-09,14,Paypal,2,TXN662997,0.0
270,2023-12-29,1,VNPay,0,TXN677564,0.0
271,2023-05-29,11,Paypal,2,TXN322320,0.0
272,2023-07-06,7,Paypal,3,TXN808662,0.0
273,2023-04-21,5,Paypal,1,TXN861379,0.0
274,2023-08-27,20,VNPay,3,TXN771210,0.0
275,2023-12-03,13,VNPay,2,TXN788281,0.0
276,2023-03-14,9,Paypal,3,TXN658296,0.0
277,2023-03-02,11,Paypal,2,TXN375494,0.0
278,2023-10-18,3,Paypal,3,TXN599883,0.0
279,2023-04-12,2,Paypal,2,TXN225995,0.0
280,2023-11-01,17,Paypal,3,TXN359568,0.0
281,2023-10-30,12,Paypal,4,TXN493554,0.0
282,2023-09-21,17,VNPay,3,TXN205423,0.0
283,2023-07-17,8,VNPay,4,TXN875435,0.0
284,2023-05-23,9,VNPay,3,TXN137641,0.0
285,2023-01-16,7,VNPay,1,TXN418420,0.0
286,2023-03-27,7,Paypal,1,TXN386214,0.0
287,2023-05-17,19,Paypal,1,TXN666074,0.0
288,2023-08-03,18,VNPay,3,TXN387654,0.0
289,2024-02-06,10,VNPay,0,TXN437054,0.0
290,2023-06-01,3,Paypal,1,TXN310017,0.0
291,2023-05-11,5,VNPay,2,TXN776022,0.0
292,2023-12-30,7,VNPay,3,TXN406691,0.0
293,2023-12-15,13,Paypal,3,TXN354444,0.0
294,2023-04-18,2,VNPay,2,TXN559297,0.0
295,2024-02-18,13,VNPay,2,TXN955778,0.0
296,2024-01-14,7,Paypal,2,TXN522845,0.0
297,2023-11-14,12,VNPay,3,TXN970123,0.0
298,2023-08-27,10,Paypal,2,TXN350195,0.0
299,2024-01-24,1,Paypal,0,TXN209996,0.0
300,2023-05-22,18,Paypal,3,TXN533816,0.0
301,2023-07-12,14,VNPay,2,TXN311760,0.0
302,2024-01-12,4,Paypal,4,TXN691652,0.0
303,2023-03-02,5,VNPay,3,TXN756166,0.0
304,2023-11-15,14,Paypal,2,TXN658924,0.0
305,2023-08-14,7,Paypal,0,TXN550195,0.0
306,2023-12-15,19,VNPay,1,TXN402186,0.0
307,2023-08-14,9,VNPay,4,TXN245271,0.0
308,2023-09-19,5,VNPay,3,TXN166262,0.0
309,2023-06-26,9,VNPay,3,TXN654736,0.0
310,2023-03-02,10,VNPay,3,TXN474999,0.0
311,2023-01-03,3,Paypal,3,TXN395804,0.0
312,2023-03-30,9,Paypal,3,TXN865537,0.0
313,2023-09-24,9,Paypal,1,TXN617083,0.0
314,2023-01-29,9,VNPay,4,TXN388075,0.0
315,2023-06-19,9,VNPay,3,TXN426916,0.0
316,2024-01-30,2,Paypal,1,TXN956101,0.0
317,2023-11-24,5,Paypal,2,TXN992964,0.0
318,2023-11-12,16,VNPay,3,TXN186988,0.0
319,2023-03-22,18,Paypal,3,TXN626684,0.0
320,2023-04-25,3,Paypal,3,TXN433863,0.0
321,2023-12-13,13,VNPay,3,TXN186231,0.0
322,2023-05-27,16,Paypal,1,TXN590042,0.0
323,2023-02-28,16,VNPay,2,TXN807116,0.0
324,2023-12-11,10,Paypal,3,TXN233541,0.0
325,2023-07-07,7,VNPay,3,TXN174553,0.0
326,2023-09-06,19,VNPay,3,TXN992297,0.0
327,2023-06-09,11,VNPay,3,TXN595518,0.0
328,2023-03-23,4,Paypal,3,TXN716412,0.0
329,2023-01-12,7,Paypal,1,TXN175418,0.0
330,2023-04-23,9,VNPay,1,TXN268383,0.0
331,2023-12-10,13,VNPay,1,TXN700530,0.0
332,2024-02-18,7,Paypal,2,TXN244353,0.0
333,2023-11-15,15,Paypal,3,TXN827955,0.0
334,2023-12-18,4,Paypal,4,TXN606047,0.0
335,2023-01-17,12,Paypal,3,TXN895509,0.0
336,2023-07-12,18,Paypal,4,TXN215374,0.0
337,2023-10-12,12,Paypal,3,TXN776787,0.0
338,2024-01-16,12,VNPay,0,TXN632101,0.0
339,2024-01-02,15,Paypal,3,TXN915673,0.0
340,2023-01-26,2,Paypal,2,TXN769648,0.0
341,2023-04-09,13,VNPay,1,TXN666134,0.0
342,2023-10-12,11,Paypal,3,TXN605518,0.0
343,2023-03-25,11,VNPay,3,TXN537629,0.0
344,2023-08-24,15,Paypal,3,TXN808691,0.0
345,2023-09-19,19,VNPay,2,TXN892058,0.0
346,2023-09-14,6,VNPay,3,TXN803650,0.0
347,2023-11-16,17,VNPay,3,TXN126385,0.0
348,2023-09-28,12,Paypal,3,TXN383707,0.0
349,2023-05-25,8,VNPay,2,TXN447697,0.0
350,2023-07-18,3,VNPay,1,TXN338260,0.0
351,2023-01-24,3,Paypal,3,TXN430904,0.0
352,2023-08-10,14,VNPay,1,TXN179083,0.0
353,2023-12-06,4,VNPay,1,TXN699032,0.0
354,2023-11-15,2,Paypal,2,TXN709996,0.0
355,2023-07-28,8,VNPay,0,TXN785375,0.0
356,2023-12-04,14,VNPay,3,TXN781503,0.0
357,2023-01-11,13,VNPay,3,TXN382725,0.0
358,2024-02-29,8,VNPay,2,TXN932599,0.0
359,2023-02-10,17,Paypal,4,TXN793919,0.0
360,2023-03-21,20,VNPay,3,TXN122431,0.0
361,2023-08-30,1,Paypal,3,TXN998792,0.0
362,2024-02-18,1,VNPay,0,TXN936501,0.0
363,2023-04-13,2,Paypal,3,TXN150861,0.0
364,2023-05-02,18,VNPay,1,TXN109078,0.0
365,2023-11-01,8,VNPay,1,TXN495141,0.0
366,2023-01-09,6,VNPay,0,TXN257087,0.0
367,2023-02-10,18,Paypal,3,TXN359931,0.0
368,2023-11-14,20,Paypal,3,TXN200734,0.0
369,2023-01-07,11,Paypal,3,TXN373797,0.0
370,2023-11-10,3,VNPay,3,TXN719369,0.0
371,2023-01-14,11,Paypal,0,TXN241398,0.0
372,2023-01-12,13,VNPay,3,TXN787250,0.0
373,2023-02-24,14,Paypal,3,TXN128380,0.0
374,2023-04-29,19,Paypal,3,TXN991793,0.0
375,2023-07-30,5,Paypal,3,TXN584410,0.0
376,2023-05-11,10,VNPay,3,TXN859900,0.0
377,2023-07-26,1,VNPay,2,TXN565757,0.0
378,2023-08-01,20,VNPay,2,TXN912395,0.0
379,2024-01-17,20,Paypal,0,TXN478544,0.0
380,2023-04-06,9,Paypal,0,TXN131585,0.0
381,2023-08-16,2,VNPay,4,TXN486821,0.0
382,2023-10-22,10,VNPay,3,TXN142229,0.0
383,2023-05-05,12,VNPay,3,TXN360116,0.0
384,2024-02-03,1,VNPay,3,TXN257795,0.0
385,2023-08-28,10,Paypal,2,TXN804513,0.0
386,2024-01-10,5,VNPay,0,TXN760008,0.0
387,2023-11-14,15,Paypal,3,TXN540280,0.0
388,2023-03-25,2,VNPay,1,TXN685560,0.0
389,2023-01-28,2,VNPay,3,TXN244832,0.0
390,2024-02-28,12,Paypal,2,TXN857038,0.0
391,2023-10-14,11,Paypal,0,TXN444333,0.0
392,2023-03-21,10,VNPay,2,TXN211453,0.0
393,2023-12-27,1,VNPay,1,TXN965962,0.0
394,2023-01-01,20,Paypal,0,TXN417348,0.0
395,2023-06-24,5,Paypal,2,TXN857232,0.0
396,2023-04-30,12,Paypal,3,TXN560494,0.0
397,2024-01-25,12,VNPay,1,TXN618477,0.0
398,2023-05-10,9,VNPay,1,TXN886713,0.0
399,2023-10-12,1,VNPay,1,TXN438404,0.0
400,2023-09-02,5,VNPay,3,TXN396141,0.0
401,2023-01-12,10,Paypal,4,TXN232311,0.0
402,2023-09-08,11,Paypal,4,TXN975825,0.0
403,2023-10-12,7,VNPay,1,TXN106570,0.0
404,2023-06-27,12,Paypal,1,TXN909343,0.0
405,2023-05-06,13,Paypal,3,TXN930185,0.0
406,2024-01-15,8,Paypal,1,TXN600726,0.0
407,2023-09-21,6,VNPay,4,TXN871246,0.0
408,2023-10-17,1,VNPay,4,TXN225354,0.0
409,2024-02-18,18,Paypal,3,TXN136487,0.0
410,2023-10-30,8,VNPay,0,TXN273895,0.0
411,2023-12-11,14,Paypal,3,TXN525106,0.0
412,2023-10-14,16,Paypal,2,TXN572132,0.0
413,2023-12-27,2,Paypal,3,TXN629992,0.0
414,2023-06-10,9,VNPay,3,TXN782568,0.0
415,2023-09-02,13,VNPay,3,TXN519139,0.0
416,2023-04-08,6,Paypal,4,TXN890546,0.0
417,2023-03-23,13,VNPay,2,TXN117772,0.0
418,2023-11-27,1,Paypal,1,TXN739430,0.0
419,2023-03-30,15,VNPay,2,TXN858470,0.0
420,2023-05-23,19,Paypal,3,TXN314432,0.0
421,2023-11-01,17,VNPay,1,TXN949881,0.0
422,2023-09-24,3,Paypal,3,TXN553449,0.0
423,2023-09-22,3,VNPay,3,TXN266703,0.0
424,2024-02-16,12,VNPay,2,TXN504772,0.0
425,2023-10-27,4,VNPay,2,TXN520182,0.0
426,2023-11-22,14,Paypal,3,TXN813708,0.0
427,2023-01-21,11,VNPay,3,TXN449307,0.0
428,2024-02-03,4,VNPay,2,TXN669667,0.0
429,2023-10-04,13,Paypal,1,TXN408557,0.0
430,2024-01-16,4,Paypal,3,TXN848013,0.0
431,2023-01-27,15,Paypal,3,TXN221999,0.0
432,2023-04-16,4,Paypal,3,TXN800336,0.0
433,2023-03-18,4,Paypal,1,TXN854950,0.0
434,2023-12-17,12,Paypal,3,TXN163646,0.0
435,2023-03-12,17,Paypal,1,TXN219735,0.0
436,2023-02-05,20,Paypal,0,TXN421333,0.0
437,2024-01-20,12,Paypal,3,TXN712492,0.0
438,2024-01-10,9,Paypal,1,TXN706217,0.0
439,2024-01-13,10,Paypal,3,TXN332601,0.0
440,2023-12-13,5,Paypal,1,TXN549042,0.0
441,2023-04-10,7,Paypal,3,TXN334386,0.0
442,2023-06-13,10,VNPay,2,TXN751844,0.0
443,2023-06-24,17,VNPay,3,TXN903446,0.0
444,2023-05-29,17,Paypal,0,TXN640302,0.0
445,2024-02-23,7,Paypal,3,TXN305768,0.0
446,2023-03-19,13,VNPay,0,TXN842296,0.0
447,2023-09-15,3,VNPay,3,TXN194018,0.0
448,2023-02-11,7,VNPay,3,TXN293510,0.0
449,2023-10-07,14,VNPay,3,TXN396037,0.0
450,2023-02-11,7,VNPay,0,TXN997767,0.0
451,2023-08-17,1,Paypal,1,TXN655655,0.0
452,2023-12-19,6,VNPay,3,TXN216492,0.0
453,2023-02-18,2,Paypal,3,TXN398522,0.0
454,2023-06-09,8,Paypal,3,TXN960226,0.0
455,2023-10-27,3,Paypal,3,TXN351051,0.0
456,2023-09-15,6,VNPay,4,TXN371830,0.0
457,2023-10-13,20,Paypal,3,TXN719961,0.0
458,2023-02-05,5,VNPay,3,TXN955342,0.0
459,2023-11-07,16,Paypal,0,TXN854296,0.0
460,2023-02-24,16,Paypal,2,TXN601643,0.0
461,2023-05-16,20,VNPay,4,TXN198540,0.0
462,2023-10-06,19,Paypal,0,TXN614003,0.0
463,2023-12-26,12,VNPay,3,TXN984884,0.0
464,2023-03-25,6,Paypal,0,TXN716166,0.0
465,2023-10-15,1,VNPay,3,TXN296133,0.0
466,2023-08-14,14,Paypal,2,TXN843537,0.0
467,2023-08-25,2,VNPay,0,TXN917114,0.0
468,2023-09-06,9,VNPay,2,TXN138067,0.0
469,2023-07-09,4,Paypal,3,TXN969794,0.0
470,2024-02-10,11,VNPay,4,TXN557828,0.0
471,2023-09-01,10,Paypal,4,TXN767689,0.0
472,2023-06-15,18,VNPay,2,TXN291703,0.0
473,2023-06-07,14,Paypal,1,TXN393894,0.0
474,2023-01-14,9,VNPay,2,TXN893153,0.0
475,2023-12-13,2,VNPay,2,TXN204211,0.0
476,2023-09-13,10,VNPay,3,TXN556956,0.0
477,2023-11-06,1,Paypal,3,TXN262624,0.0
478,2023-04-20,16,Paypal,3,TXN738387,0.0
479,2024-01-22,3,VNPay,3,TXN302380,0.0
480,2023-04-27,2,Paypal,2,TXN117347,0.0
481,2023-01-25,15,Paypal,0,TXN582315,0.0
482,2023-10-15,13,VNPay,3,TXN351537,0.0
483,2023-11-12,6,Paypal,1,TXN972701,0.0
484,2023-05-10,19,VNPay,0,TXN667201,0.0
485,2023-09-23,2,Paypal,4,TXN801692,0.0
486,2024-02-19,15,VNPay,2,TXN144936,0.0
487,2023-04-09,9,Paypal,2,TXN237478,0.0
488,2023-03-21,16,Paypal,3,TXN671139,0.0
489,2023-04-13,8,VNPay,1,TXN527387,0.0
490,2023-11-04,20,Paypal,3,TXN349062,0.0
491,2023-06-27,5,Paypal,2,TXN199071,0.0
492,2023-01-07,14,VNPay,3,TXN176373,0.0
493,2023-05-13,2,Paypal,2,TXN741269,0.0
494,2023-08-18,15,VNPay,3,TXN730585,0.0
495,2024-01-11,7,VNPay,1,TXN778100,0.0
496,2023-08-30,13,VNPay,1,TXN802436,0.0
497,2023-06-22,4,VNPay,1,TXN563547,0.0
498,2024-01-30,20,Paypal,0,TXN976313,0.0
499,2023-07-15,2,Paypal,1,TXN526577,0.0
500,2023-08-20,3,VNPay,3,TXN917052,0.0
501,2024-02-26,10,VNPay,4,TXN479504,0.0
502,2023-04-15,17,Paypal,2,TXN728864,0.0
503,2023-05-10,16,VNPay,1,TXN714641,0.0
504,2023-11-10,8,VNPay,3,TXN489878,0.0
505,2023-10-17,8,VNPay,2,TXN778832,0.0
506,2023-03-20,17,Paypal,2,TXN680780,0.0
507,2023-03-10,12,VNPay,2,TXN825836,0.0
508,2023-07-19,11,VNPay,0,TXN713858,0.0
509,2023-06-01,17,VNPay,3,TXN718727,0.0
510,2023-11-10,14,Paypal,2,TXN858994,0.0
511,2024-01-26,19,Paypal,2,TXN192601,0.0
512,2023-09-18,5,Paypal,3,TXN569511,0.0
513,2023-11-16,10,Paypal,0,TXN139279,0.0
514,2023-08-08,17,VNPay,3,TXN354311,0.0
515,2024-02-13,9,Paypal,3,TXN846434,0.0
516,2023-02-18,4,Paypal,1,TXN797960,0.0
517,2023-06-18,18,Paypal,3,TXN518443,0.0
518,2023-12-13,8,Paypal,3,TXN732500,0.0
519,2023-06-09,16,Paypal,3,TXN719745,0.0
520,2023-01-11,10,VNPay,1,TXN713777,0.0
521,2023-07-02,9,VNPay,2,TXN285165,0.0
522,2023-05-04,18,Paypal,1,TXN507507,0.0
523,2023-08-01,12,Paypal,2,TXN184080,0.0
524,2024-01-11,3,Paypal,3,TXN279830,0.0
525,2023-02-08,17,Paypal,4,TXN287921,0.0
526,2023-05-29,13,Paypal,2,TXN966183,0.0
527,2023-10-29,8,Paypal,3,TXN769931,0.0
528,2023-08-12,11,Paypal,3,TXN317322,0.0
529,2023-12-11,13,Paypal,1,TXN743534,0.0
530,2023-10-10,18,VNPay,2,TXN277558,0.0
531,2023-03-29,12,VNPay,2,TXN651332,0.0
532,2023-07-08,1,Paypal,3,TXN446130,0.0
533,2023-01-23,7,Paypal,3,TXN680735,0.0
534,2023-08-17,15,Paypal,2,TXN333103,0.0
535,2023-03-13,1,Paypal,3,TXN575584,0.0
536,2024-01-23,8,VNPay,2,TXN195081,0.0
537,2023-12-20,11,VNPay,3,TXN792095,0.0
538,2023-10-29,7,VNPay,1,TXN787016,0.0
539,2023-04-22,13,VNPay,3,TXN540917,0.0
540,2023-08-22,12,VNPay,0,TXN245016,0.0
541,2024-02-22,20,VNPay,3,TXN845182,0.0
542,2023-03-11,19,VNPay,1,TXN623886,0.0
543,2024-01-16,4,Paypal,3,TXN821909,0.0
544,2023-08-15,5,Paypal,2,TXN364167,0.0
545,2023-12-25,10,Paypal,1,TXN816987,0.0
546,2023-02-26,13,Paypal,2,TXN168099,0.0
547,2023-08-09,14,VNPay,0,TXN743407,0.0
548,2023-07-05,20,Paypal,0,TXN209079,0.0
549,2023-06-11,18,VNPay,1,TXN521947,0.0
550,2024-02-07,17,VNPay,0,TXN964661,0.0
551,2023-06-01,13,Paypal,3,TXN793221,0.0
552,2023-04-27,4,Paypal,3,TXN836940,0.0
553,2023-08-16,17,VNPay,1,TXN461278,0.0
554,2023-04-26,17,VNPay,3,TXN342634,0.0
555,2023-11-09,13,VNPay,2,TXN920483,0.0
556,2023-05-28,16,VNPay,1,TXN785614,0.0
557,2023-03-19,11,VNPay,3,TXN627759,0.0
558,2023-11-21,20,VNPay,4,TXN146850,0.0
559,2023-04-17,17,Paypal,3,TXN622220,0.0
560,2023-07-17,17,VNPay,1,TXN123284,0.0
561,2024-02-07,10,VNPay,2,TXN837266,0.0
562,2023-03-10,5,Paypal,3,TXN869097,0.0
563,2023-07-11,5,Paypal,1,TXN250787,0.0
564,2023-05-06,7,VNPay,2,TXN456992,0.0
565,2023-10-07,4,Paypal,0,TXN641357,0.0
566,2023-11-12,12,Paypal,2,TXN167155,0.0
567,2023-06-01,4,VNPay,0,TXN829963,0.0
568,2023-04-16,7,VNPay,1,TXN173997,0.0
569,2023-04-30,10,Paypal,2,TXN855678,0.0
570,2023-04-16,13,Paypal,0,TXN196044,0.0
571,2023-08-16,11,Paypal,3,TXN466008,0.0
572,2023-01-21,4,Paypal,2,TXN853158,0.0
573,2023-03-11,15,Paypal,3,TXN166707,0.0
574,2023-05-23,16,VNPay,2,TXN495755,0.0
575,2024-01-11,14,VNPay,2,TXN351924,0.0
576,2023-03-23,5,VNPay,3,TXN222788,0.0
577,2023-11-01,19,VNPay,4,TXN653343,0.0
578,2024-01-31,9,VNPay,1,TXN191006,0.0
579,2023-11-23,1,VNPay,4,TXN592092,0.0
580,2023-12-20,11,VNPay,3,TXN145232,0.0
581,2023-01-17,2,Paypal,1,TXN431328,0.0
582,2023-11-26,5,Paypal,3,TXN211672,0.0
583,2023-03-07,10,Paypal,3,TXN964690,0.0
584,2023-05-05,7,Paypal,1,TXN550542,0.0
585,2024-02-28,6,Paypal,2,TXN248066,0.0
586,2023-07-11,19,VNPay,2,TXN863935,0.0
587,2024-01-26,20,Paypal,2,TXN785933,0.0
588,2024-01-07,15,Paypal,1,TXN982766,0.0
589,2023-08-02,20,Paypal,1,TXN549916,0.0
590,2023-06-17,17,VNPay,3,TXN777623,0.0
591,2023-09-11,3,Paypal,1,TXN543945,0.0
592,2023-08-15,6,VNPay,3,TXN450808,0.0
593,2024-01-14,18,VNPay,3,TXN620498,0.0
594,2023-09-24,12,Paypal,0,TXN657531,0.0
595,2023-10-24,4,VNPay,3,TXN368854,0.0
596,2024-01-28,15,VNPay,4,TXN400135,0.0
597,2023-07-29,10,Paypal,3,TXN308139,0.0
598,2024-01-21,7,Paypal,3,TXN690082,0.0
599,2023-10-10,18,VNPay,4,TXN471616,0.0
600,2023-08-08,1,VNPay,1,TXN919812,0.0
601,2024-02-20,16,VNPay,2,TXN139901,0.0
602,2024-01-01,19,Paypal,1,TXN442829,0.0
603,2024-01-10,16,VNPay,2,TXN613012,0.0
604,2023-01-21,13,Paypal,1,TXN494341,0.0
605,2023-08-11,5,VNPay,0,TXN388963,0.0
606,2023-10-08,20,Paypal,1,TXN619165,0.0
607,2023-05-13,3,VNPay,2,TXN542632,0.0
608,2024-01-07,6,Paypal,1,TXN361691,0.0
609,2024-01-12,11,Paypal,3,TXN257547,0.0
610,2023-08-01,2,Paypal,3,TXN112763,0.0
611,2023-10-13,16,VNPay,1,TXN191353,0.0
612,2023-07-09,1,VNPay,2,TXN471233,0.0
613,2023-02-10,19,VNPay,1,TXN133866,0.0
614,2023-10-06,16,Paypal,2,TXN696804,0.0
615,2023-04-18,11,Paypal,4,TXN567874,0.0
616,2023-10-16,20,VNPay,3,TXN756449,0.0
617,2024-02-28,15,VNPay,1,TXN138547,0.0
618,2023-05-04,1,Paypal,0,TXN846111,0.0
619,2023-07-10,3,Paypal,3,TXN949710,0.0
620,2023-10-21,15,VNPay,0,TXN543316,0.0
621,2023-10-29,20,Paypal,4,TXN517168,0.0
622,2023-02-08,9,VNPay,0,TXN811886,0.0
623,2023-07-29,19,VNPay,3,TXN909178,0.0
624,2024-02-11,2,Paypal,2,TXN821037,0.0
625,2023-04-10,8,Paypal,2,TXN564894,0.0
626,2023-11-30,20,VNPay,0,TXN778743,0.0
627,2023-09-27,6,VNPay,1,TXN824984,0.0
628,2023-03-24,14,VNPay,3,TXN514994,0.0
629,2023-07-20,20,VNPay,4,TXN565982,0.0
630,2023-03-14,19,VNPay,2,TXN879383,0.0
631,2024-02-26,4,Paypal,1,TXN946143,0.0
632,2023-06-10,20,VNPay,3,TXN195028,0.0
633,2023-08-15,9,VNPay,3,TXN853704,0.0
634,2023-07-15,4,Paypal,3,TXN443912,0.0
635,2023-05-05,14,Paypal,3,TXN217886,0.0
636,2023-09-12,16,VNPay,3,TXN675919,0.0
637,2023-06-07,12,VNPay,1,TXN522381,0.0
638,2023-02-19,5,Paypal,3,TXN536162,0.0
639,2023-06-21,1,VNPay,0,TXN971868,0.0
640,2024-01-28,4,VNPay,3,TXN412023,0.0
641,2023-03-06,8,VNPay,3,TXN855111,0.0
642,2023-11-28,12,Paypal,3,TXN601608,0.0
643,2023-05-27,20,VNPay,1,TXN573620,0.0
644,2023-11-03,6,Paypal,3,TXN964434,0.0
645,2023-05-12,7,Paypal,1,TXN655083,0.0
646,2023-03-08,12,Paypal,1,TXN897622,0.0
647,2023-12-27,1,Paypal,3,TXN664485,0.0
648,2023-08-02,18,VNPay,0,TXN391077,0.0
649,2023-08-06,8,VNPay,1,TXN517216,0.0
650,2023-04-03,13,VNPay,3,TXN173869,0.0
651,2023-10-18,16,VNPay,2,TXN302416,0.0
652,2023-05-21,6,VNPay,0,TXN420701,0.0
653,2023-05-16,11,Paypal,1,TXN982470,0.0
654,2023-12-07,17,Paypal,3,TXN236554,0.0
655,2023-11-06,9,VNPay,3,TXN694736,0.0
656,2023-02-10,17,Paypal,3,TXN476742,0.0
657,2023-07-02,9,VNPay,2,TXN573866,0.0
658,2023-05-27,11,VNPay,4,TXN808140,0.0
659,2023-01-01,8,Paypal,3,TXN866535,0.0
660,2023-04-19,12,VNPay,2,TXN357324,0.0
661,2023-03-31,7,Paypal,3,TXN530599,0.0
662,2023-06-02,14,VNPay,3,TXN952694,0.0
663,2023-06-26,15,Paypal,3,TXN138211,0.0
664,2023-06-10,4,Paypal,0,TXN658830,0.0
665,2024-02-16,8,Paypal,4,TXN903147,0.0
666,2024-01-13,19,VNPay,3,TXN433569,0.0
667,2023-10-12,9,Paypal,2,TXN765418,0.0
668,2023-09-23,14,Paypal,1,TXN164200,0.0
669,2024-01-12,7,Paypal,1,TXN880741,0.0
670,2023-06-04,2,VNPay,0,TXN237103,0.0
671,2023-12-16,8,Paypal,0,TXN784029,0.0
672,2023-09-25,3,VNPay,2,TXN320972,0.0
673,2023-12-23,17,VNPay,2,TXN828342,0.0
674,2024-02-12,6,Paypal,2,TXN248586,0.0
675,2023-05-26,4,VNPay,0,TXN331496,0.0
676,2023-05-02,12,Paypal,2,TXN839522,0.0
677,2023-06-05,12,VNPay,3,TXN182279,0.0
678,2023-03-16,16,Paypal,2,TXN428821,0.0
679,2023-04-10,1,Paypal,2,TXN581719,0.0
680,2023-06-05,5,VNPay,1,TXN978135,0.0
681,2023-11-17,1,VNPay,1,TXN345404,0.0
682,2023-07-21,18,Paypal,0,TXN668302,0.0
683,2023-05-06,11,VNPay,1,TXN384996,0.0
684,2024-01-27,2,Paypal,1,TXN607365,0.0
685,2023-11-17,4,VNPay,1,TXN928791,0.0
686,2023-12-10,3,VNPay,1,TXN877881,0.0
687,2023-06-04,14,Paypal,4,TXN476794,0.0
688,2023-08-22,19,Paypal,2,TXN483100,0.0
689,2024-02-03,10,VNPay,3,TXN253124,0.0
690,2023-06-19,5,VNPay,3,TXN785763,0.0
691,2023-10-01,9,VNPay,0,TXN906970,0.0
692,2023-05-06,20,VNPay,2,TXN336527,0.0
693,2023-10-05,4,VNPay,1,TXN102352,0.0
694,2024-02-01,2,VNPay,3,TXN760858,0.0
695,2023-12-09,19,VNPay,2,TXN347199,0.0
696,2023-04-19,19,Paypal,0,TXN799309,0.0
697,2024-01-18,12,VNPay,4,TXN493574,0.0
698,2023-11-20,19,VNPay,3,TXN256951,0.0
699,2023-05-05,3,VNPay,3,TXN651050,0.0
700,2023-09-30,3,Paypal,2,TXN699253,0.0
701,2023-09-06,19,VNPay,3,TXN250023,0.0
702,2023-10-11,5,VNPay,3,TXN978453,0.0
703,2023-05-27,2,VNPay,2,TXN512811,0.0
704,2023-09-03,11,VNPay,1,TXN191088,0.0
705,2023-07-03,20,VNPay,3,TXN935083,0.0
706,2023-03-11,17,VNPay,2,TXN230351,0.0
707,2023-04-18,12,Paypal,3,TXN565918,0.0
708,2023-07-02,4,Paypal,3,TXN441207,0.0
709,2024-02-11,15,VNPay,3,TXN692632,0.0
710,2023-08-30,17,VNPay,3,TXN824698,0.0
711,2023-03-23,19,VNPay,3,TXN283043,0.0
712,2024-01-26,13,VNPay,1,TXN672744,0.0
713,2023-11-24,20,VNPay,2,TXN293392,0.0
714,2023-08-13,8,VNPay,2,TXN908258,0.0
715,2023-11-21,13,VNPay,3,TXN585662,0.0
716,2023-07-27,18,Paypal,4,TXN236917,0.0
717,2023-06-20,3,Paypal,3,TXN440093,0.0
718,2023-10-04,16,Paypal,3,TXN939319,0.0
719,2023-02-04,15,VNPay,4,TXN372647,0.0
720,2023-10-09,17,Paypal,1,TXN766246,0.0
721,2023-03-08,1,Paypal,3,TXN881198,0.0
722,2023-02-06,13,Paypal,4,TXN741211,0.0
723,2023-05-08,9,VNPay,3,TXN456898,0.0
724,2023-07-13,8,VNPay,2,TXN154189,0.0
725,2024-01-19,4,Paypal,0,TXN906242,0.0
726,2023-03-13,3,Paypal,3,TXN865612,0.0
727,2023-10-17,13,VNPay,1,TXN305157,0.0
728,2023-01-16,2,Paypal,1,TXN243521,0.0
729,2023-08-22,16,Paypal,0,TXN735329,0.0
730,2023-01-13,15,VNPay,1,TXN885858,0.0
731,2024-01-27,14,Paypal,2,TXN551610,0.0
732,2023-04-28,7,VNPay,3,TXN754224,0.0
733,2023-08-21,13,VNPay,1,TXN554418,0.0
734,2023-11-09,17,VNPay,3,TXN662621,0.0
735,2023-03-15,10,Paypal,3,TXN649523,0.0
736,2023-06-09,18,Paypal,2,TXN247309,0.0
737,2023-02-22,15,Paypal,3,TXN446371,0.0
738,2023-07-24,8,Paypal,2,TXN859710,0.0
739,2023-10-17,18,Paypal,3,TXN670442,0.0
740,2023-12-27,12,VNPay,2,TXN678526,0.0
741,2023-08-29,18,Paypal,3,TXN914422,0.0
742,2023-03-29,18,Paypal,0,TXN180811,0.0
743,2024-01-12,11,VNPay,2,TXN656690,0.0
744,2023-05-17,2,Paypal,3,TXN213550,0.0
745,2023-11-03,13,VNPay,4,TXN618767,0.0
746,2023-02-25,12,VNPay,0,TXN132441,0.0
747,2023-08-06,1,Paypal,3,TXN385622,0.0
748,2024-01-29,15,VNPay,1,TXN198538,0.0
749,2023-01-13,5,VNPay,1,TXN985258,0.0
750,2023-09-30,4,VNPay,4,TXN826728,0.0
751,2023-01-21,20,VNPay,3,TXN953284,0.0
752,2023-10-25,17,VNPay,2,TXN573958,0.0
753,2023-01-28,9,VNPay,2,TXN711985,0.0
754,2023-09-13,14,VNPay,2,TXN567835,0.0
755,2023-01-13,18,VNPay,3,TXN126654,0.0
756,2024-01-21,16,VNPay,3,TXN588906,0.0
757,2023-11-06,1,Paypal,3,TXN469836,0.0
758,2023-08-25,2,VNPay,1,TXN222118,0.0
759,2023-10-19,18,VNPay,2,TXN345739,0.0
760,2023-05-29,8,Paypal,1,TXN436227,0.0
761,2023-01-21,11,VNPay,3,TXN388816,0.0
762,2023-04-28,10,VNPay,1,TXN233172,0.0
763,2023-03-15,14,VNPay,2,TXN904631,0.0
764,2023-09-15,17,Paypal,4,TXN837954,0.0
765,2024-02-13,3,VNPay,2,TXN357803,0.0
766,2023-07-01,20,Paypal,3,TXN983096,0.0
767,2023-08-16,6,VNPay,2,TXN381755,0.0
768,2023-09-29,15,VNPay,3,TXN889177,0.0
769,2023-10-10,10,VNPay,2,TXN348552,0.0
770,2023-06-11,5,Paypal,2,TXN392575,0.0
771,2023-06-02,1,VNPay,3,TXN938387,0.0
772,2023-11-09,12,Paypal,3,TXN811028,0.0
773,2023-05-15,4,VNPay,3,TXN479039,0.0
774,2023-11-27,8,VNPay,3,TXN652439,0.0
775,2023-02-14,4,Paypal,0,TXN993416,0.0
776,2023-06-06,2,Paypal,2,TXN658158,0.0
777,2023-05-04,12,Paypal,3,TXN518184,0.0
778,2023-04-29,5,Paypal,4,TXN309329,0.0
779,2023-11-27,15,Paypal,0,TXN968584,0.0
780,2023-01-17,12,VNPay,1,TXN526009,0.0
781,2023-01-25,10,VNPay,3,TXN993388,0.0
782,2023-06-30,8,Paypal,4,TXN369150,0.0
783,2024-02-16,11,VNPay,3,TXN656718,0.0
784,2023-02-21,6,Paypal,3,TXN118990,0.0
785,2023-06-08,9,Paypal,0,TXN470416,0.0
786,2024-01-05,5,Paypal,3,TXN802922,0.0
787,2023-09-05,1,Paypal,2,TXN537985,0.0
788,2023-01-15,14,VNPay,3,TXN931037,0.0
789,2023-03-27,18,Paypal,3,TXN953900,0.0
790,2023-08-11,3,Paypal,3,TXN667815,0.0
791,2023-08-23,12,VNPay,1,TXN565226,0.0
792,2023-11-29,18,VNPay,2,TXN865419,0.0
793,2023-03-11,9,Paypal,3,TXN912283,0.0
794,2023-02-17,12,VNPay,2,TXN950193,0.0
795,2023-01-19,6,Paypal,0,TXN228389,0.0
796,2023-09-17,12,VNPay,3,TXN360220,0.0
797,2023-12-20,17,VNPay,2,TXN168431,0.0
798,2024-02-22,8,VNPay,3,TXN700541,0.0
799,2023-12-18,4,VNPay,1,TXN514758,0.0
800,2023-03-22,20,Paypal,3,TXN599797,0.0
801,2023-02-13,9,VNPay,0,TXN511236,0.0
802,2023-06-05,10,VNPay,3,TXN753015,0.0
803,2023-06-19,8,Paypal,3,TXN830031,0.0
804,2023-04-01,5,VNPay,0,TXN861282,0.0
805,2023-12-30,13,VNPay,1,TXN385960,0.0
806,2023-09-05,2,VNPay,2,TXN207096,0.0
807,2023-04-03,7,VNPay,3,TXN725043,0.0
808,2023-04-27,3,VNPay,4,TXN775673,0.0
809,2023-07-25,17,Paypal,4,TXN498172,0.0
810,2023-06-30,18,Paypal,3,TXN687520,0.0
811,2023-02-27,13,Paypal,1,TXN523177,0.0
812,2023-11-11,11,VNPay,0,TXN658969,0.0
813,2023-07-12,17,Paypal,3,TXN134540,0.0
814,2024-02-29,4,VNPay,3,TXN496087,0.0
815,2023-05-29,3,Paypal,3,TXN208946,0.0
816,2023-04-19,7,VNPay,4,TXN728889,0.0
817,2023-02-09,5,VNPay,3,TXN799158,0.0
818,2023-12-28,20,VNPay,3,TXN594700,0.0
819,2023-08-09,8,VNPay,1,TXN325391,0.0
820,2023-04-13,14,Paypal,3,TXN514170,0.0
821,2023-11-20,15,VNPay,3,TXN453646,0.0
822,2023-10-07,8,VNPay,2,TXN162433,0.0
823,2023-01-24,10,Paypal,1,TXN747096,0.0
824,2023-06-30,20,VNPay,4,TXN878493,0.0
825,2023-06-30,9,VNPay,3,TXN321883,0.0
826,2023-02-23,6,VNPay,3,TXN618823,0.0
827,2024-01-26,7,Paypal,0,TXN924834,0.0
828,2024-01-19,19,Paypal,3,TXN308859,0.0
829,2023-11-28,6,VNPay,3,TXN946574,0.0
830,2023-06-18,5,VNPay,2,TXN944081,0.0
831,2023-01-30,5,VNPay,1,TXN951890,0.0
832,2023-07-25,16,VNPay,4,TXN226479,0.0
833,2023-01-22,8,VNPay,2,TXN800406,0.0
834,2023-10-14,10,Paypal,0,TXN590238,0.0
835,2023-09-11,9,VNPay,4,TXN898729,0.0
836,2023-08-02,17,Paypal,4,TXN441102,0.0
837,2023-06-02,5,Paypal,3,TXN535928,0.0
838,2023-02-20,4,VNPay,4,TXN588535,0.0
839,2023-07-13,8,VNPay,3,TXN298522,0.0
840,2023-07-17,1,VNPay,3,TXN657564,0.0
841,2023-05-06,17,Paypal,3,TXN839804,0.0
842,2023-03-14,13,Paypal,2,TXN142291,0.0
843,2023-09-02,3,VNPay,3,TXN125675,0.0
844,2024-01-03,15,VNPay,4,TXN808672,0.0
845,2023-12-03,3,Paypal,1,TXN412863,0.0
846,2023-12-18,4,Paypal,0,TXN911050,0.0
847,2024-01-07,3,Paypal,3,TXN912832,0.0
848,2023-09-27,2,VNPay,0,TXN713079,0.0
849,2023-11-11,19,Paypal,3,TXN990023,0.0
850,2023-12-05,1,VNPay,3,TXN493605,0.0
851,2023-01-13,16,Paypal,3,TXN420146,0.0
852,2023-07-23,16,VNPay,3,TXN942840,0.0
853,2023-05-28,4,Paypal,1,TXN427031,0.0
854,2023-01-22,19,VNPay,3,TXN611181,0.0
855,2024-01-10,3,Paypal,3,TXN448754,0.0
856,2023-06-28,18,Paypal,3,TXN434971,0.0
857,2023-04-23,12,Paypal,2,TXN192036,0.0
858,2023-10-10,12,VNPay,4,TXN616612,0.0
859,2023-02-26,14,VNPay,0,TXN393946,0.0
860,2023-02-02,18,Paypal,2,TXN317813,0.0
861,2023-07-16,2,Paypal,2,TXN583779,0.0
862,2023-10-16,13,Paypal,3,TXN967918,0.0
863,2023-08-03,14,VNPay,2,TXN990677,0.0
864,2023-09-05,20,VNPay,2,TXN573918,0.0
865,2023-07-21,9,VNPay,0,TXN810205,0.0
866,2023-06-06,10,VNPay,1,TXN861401,0.0
867,2023-11-21,9,VNPay,1,TXN752755,0.0
868,2024-02-29,17,VNPay,3,TXN390374,0.0
869,2024-01-22,10,Paypal,2,TXN466081,0.0
870,2023-05-04,10,Paypal,4,TXN622154,0.0
871,2023-10-22,15,Paypal,0,TXN954568,0.0
872,2023-05-28,12,VNPay,3,TXN389134,0.0
873,2023-11-18,2,Paypal,4,TXN789870,0.0
874,2023-10-10,10,VNPay,3,TXN719055,0.0
875,2023-11-22,9,VNPay,1,TXN151707,0.0
876,2023-09-15,4,VNPay,1,TXN573048,0.0
877,2023-09-23,15,VNPay,3,TXN878799,0.0
878,2024-02-09,4,Paypal,2,TXN941708,0.0
879,2023-10-11,1,VNPay,2,TXN838096,0.0
880,2023-05-17,4,VNPay,4,TXN570435,0.0
881,2023-03-14,13,Paypal,1,TXN517567,0.0
882,2023-09-19,16,Paypal,1,TXN182289,0.0
883,2023-10-10,18,VNPay,3,TXN412660,0.0
884,2023-05-07,15,VNPay,3,TXN233498,0.0
885,2023-03-14,19,Paypal,1,TXN104138,0.0
886,2024-01-12,9,Paypal,3,TXN818316,0.0
887,2023-06-17,7,VNPay,3,TXN949375,0.0
888,2023-02-16,1,VNPay,0,TXN105039,0.0
889,2023-10-17,8,VNPay,2,TXN389730,0.0
890,2023-11-14,1,VNPay,3,TXN658685,0.0
891,2023-10-31,10,Paypal,3,TXN498499,0.0
892,2023-11-15,13,Paypal,1,TXN462441,0.0
893,2023-12-24,1,VNPay,3,TXN996749,0.0
894,2023-09-21,19,Paypal,2,TXN582376,0.0
895,2024-01-25,11,VNPay,2,TXN972379,0.0
896,2023-10-11,1,Paypal,3,TXN511473,0.0
897,2023-02-25,2,VNPay,3,TXN163610,0.0
898,2023-07-07,6,Paypal,2,TXN587025,0.0
899,2023-09-09,11,VNPay,3,TXN959665,0.0
900,2023-12-20,11,Paypal,0,TXN188835,0.0
901,2023-08-02,7,VNPay,2,TXN566755,0.0
902,2023-07-26,1,VNPay,3,TXN176709,0.0
903,2023-08-30,1,Paypal,1,TXN367247,0.0
904,2024-02-17,5,VNPay,1,TXN773812,0.0
905,2023-08-30,7,VNPay,3,TXN425203,0.0
906,2023-03-24,3,Paypal,1,TXN102187,0.0
907,2023-10-10,10,VNPay,1,TXN526044,0.0
908,2023-11-15,20,Paypal,3,TXN867286,0.0
909,2023-10-29,5,Paypal,3,TXN181257,0.0
910,2023-11-10,7,Paypal,3,TXN224116,0.0
911,2023-11-13,9,Paypal,3,TXN970946,0.0
912,2023-02-08,9,Paypal,3,TXN526070,0.0
913,2023-03-17,16,VNPay,2,TXN389662,0.0
914,2023-08-02,9,VNPay,2,TXN980214,0.0
915,2023-05-21,14,Paypal,1,TXN613942,0.0
916,2023-02-14,17,VNPay,0,TXN747652,0.0
917,2023-05-14,12,Paypal,1,TXN571797,0.0
918,2023-10-16,17,Paypal,1,TXN403602,0.0
919,2023-05-02,10,VNPay,1,TXN930371,0.0
920,2023-06-11,9,Paypal,3,TXN886086,0.0
921,2023-09-04,15,Paypal,1,TXN407086,0.0
922,2024-01-17,8,VNPay,3,TXN115534,0.0
923,2023-10-16,1,VNPay,3,TXN858761,0.0
924,2024-02-17,18,Paypal,2,TXN811413,0.0
925,2024-01-20,2,VNPay,3,TXN788332,0.0
926,2023-02-17,17,VNPay,1,TXN307772,0.0
927,2023-10-22,17,VNPay,1,TXN755129,0.0
928,2023-11-01,3,VNPay,3,TXN211718,0.0
929,2023-11-05,1,VNPay,3,TXN663370,0.0
930,2023-01-25,3,VNPay,3,TXN766015,0.0
931,2023-10-09,16,VNPay,3,TXN142056,0.0
932,2023-04-30,1,VNPay,3,TXN376815,0.0
933,2024-02-29,19,Paypal,2,TXN333192,0.0
934,2023-07-18,14,VNPay,1,TXN218696,0.0
935,2023-09-28,3,VNPay,0,TXN661693,0.0
936,2023-02-26,8,Paypal,4,TXN544975,0.0
937,2023-07-13,8,Paypal,2,TXN455054,0.0
938,2023-07-04,8,Paypal,3,TXN851731,0.0
939,2023-11-09,17,VNPay,2,TXN892908,0.0
940,2023-02-14,15,Paypal,4,TXN585097,0.0
941,2023-08-09,3,VNPay,0,TXN145095,0.0
942,2023-02-28,4,VNPay,2,TXN758250,0.0
943,2023-05-02,11,Paypal,0,TXN693130,0.0
944,2024-01-21,17,VNPay,0,TXN320283,0.0
945,2023-11-13,15,Paypal,0,TXN776999,0.0
946,2023-07-20,5,Paypal,3,TXN201158,0.0
947,2023-11-10,20,VNPay,0,TXN583007,0.0
948,2023-02-13,7,Paypal,1,TXN223099,0.0
949,2024-01-25,17,Paypal,3,TXN347572,0.0
950,2023-03-05,4,Paypal,3,TXN388213,0.0
951,2023-03-03,10,Paypal,2,TXN480172,0.0
952,2023-09-24,16,Paypal,3,TXN400856,0.0
953,2023-02-09,13,VNPay,3,TXN631147,0.0
954,2023-05-18,12,VNPay,1,TXN389360,0.0
955,2023-08-06,2,Paypal,2,TXN330233,0.0
956,2023-10-06,18,Paypal,3,TXN212701,0.0
957,2023-10-21,15,VNPay,4,TXN717693,0.0
958,2023-03-02,1,Paypal,1,TXN137019,0.0
959,2024-02-09,14,VNPay,3,TXN258598,0.0
960,2023-10-05,10,VNPay,3,TXN592750,0.0
961,2024-01-23,6,Paypal,0,TXN253939,0.0
962,2023-07-23,1,Paypal,1,TXN628036,0.0
963,2023-03-04,6,VNPay,3,TXN564462,0.0
964,2023-01-05,14,Paypal,3,TXN228216,0.0
965,2023-02-25,14,VNPay,3,TXN722334,0.0
966,2024-02-17,7,Paypal,3,TXN482865,0.0
967,2023-09-15,8,VNPay,3,TXN317980,0.0
968,2023-09-13,6,Paypal,3,TXN175403,0.0
969,2023-10-26,10,VNPay,4,TXN277826,0.0
970,2023-12-17,15,Paypal,2,TXN949776,0.0
971,2023-10-18,20,VNPay,2,TXN301202,0.0
972,2024-02-18,16,VNPay,1,TXN357438,0.0
973,2024-02-12,18,VNPay,3,TXN613951,0.0
974,2023-07-02,15,Paypal,3,TXN799746,0.0
975,2023-01-03,16,VNPay,3,TXN196393,0.0
976,2023-12-05,4,VNPay,3,TXN501426,0.0
977,2023-06-20,2,Paypal,1,TXN596915,0.0
978,2023-02-17,19,VNPay,4,TXN892173,0.0
979,2023-07-02,5,VNPay,1,TXN210130,0.0
980,2023-05-29,12,Paypal,3,TXN152691,0.0
981,2023-06-15,14,VNPay,4,TXN393052,0.0
982,2024-02-06,18,Paypal,4,TXN618420,0.0
983,2023-05-13,9,VNPay,3,TXN965256,0.0
984,2023-07-01,10,Paypal,1,TXN951007,0.0
985,2023-11-23,4,VNPay,1,TXN362091,0.0
986,2024-02-10,18,VNPay,2,TXN159821,0.0
987,2023-05-22,18,Paypal,3,TXN374336,0.0
988,2024-01-10,11,VNPay,3,TXN428821,0.0
989,2023-01-20,6,VNPay,3,TXN812793,0.0
990,2023-04-04,13,VNPay,3,TXN322128,0.0
991,2023-08-18,2,Paypal,0,TXN470250,0.0
992,2023-12-30,8,VNPay,0,TXN123559,0.0
993,2023-01-29,8,Paypal,0,TXN776479,0.0
994,2023-12-06,20,VNPay,3,TXN571869,0.0
995,2023-08-23,7,Paypal,3,TXN560014,0.0
996,2023-06-04,9,VNPay,1,TXN798148,0.0
997,2023-08-22,17,VNPay,3,TXN508376,0.0
998,2023-09-21,15,VNPay,3,TXN131085,0.0
999,2023-10-03,7,VNPay,4,TXN440912,0.0
1000,2023-09-30,10,Paypal,2,TXN612493,0.0
