OrderItemID,OrderID,ProductSizeID,Quantity
1,1,29,3
2,1,8,5
3,1,21,2
4,1,19,3
5,2,24,5
6,2,4,3
7,2,22,5
8,3,24,4
9,3,30,2
10,4,21,1
11,4,12,2
12,4,22,5
13,4,25,1
14,5,27,2
15,5,28,4
16,5,16,3
17,6,23,4
18,6,25,3
19,6,5,3
20,6,7,5
21,7,7,2
22,8,25,4
23,8,14,2
24,8,26,1
25,8,21,2
26,9,28,4
27,9,7,4
28,9,29,3
29,9,14,1
30,10,18,4
31,10,2,2
32,10,4,5
33,10,26,4
34,11,10,4
35,11,14,4
36,12,30,5
37,13,18,5
38,13,24,2
39,13,25,4
40,13,28,4
41,13,13,1
42,14,15,5
43,14,1,1
44,14,7,1
45,14,24,1
46,14,12,3
47,15,17,3
48,15,3,1
49,15,27,5
50,16,7,2
51,16,9,4
52,17,8,4
53,18,1,5
54,18,3,4
55,19,3,1
56,19,5,3
57,19,1,5
58,20,23,3
59,20,9,2
60,21,28,5
61,21,19,1
62,22,29,4
63,22,30,5
64,22,23,5
65,22,15,3
66,23,4,5
67,23,7,3
68,23,19,4
69,23,2,2
70,23,13,1
71,24,6,4
72,24,28,4
73,24,12,4
74,24,30,3
75,24,26,4
76,25,7,1
77,26,25,3
78,27,20,5
79,28,3,3
80,29,30,5
81,30,19,2
82,31,24,3
83,31,22,1
84,31,20,1
85,31,30,1
86,32,20,4
87,32,30,2
88,33,17,5
89,33,24,1
90,33,27,1
91,34,2,4
92,34,22,5
93,35,1,3
94,36,21,4
95,36,26,4
96,37,24,3
97,37,17,5
98,37,20,2
99,38,16,1
100,38,9,4
101,38,27,5
102,39,20,4
103,39,27,4
104,39,19,2
105,40,19,4
106,40,7,4
107,40,9,1
108,41,8,1
109,41,11,4
110,42,25,2
111,43,3,4
112,43,16,2
113,44,20,4
114,45,2,1
115,46,5,5
116,46,27,1
117,46,9,3
118,46,19,3
119,47,24,1
120,47,20,3
121,47,17,4
122,47,6,4
123,48,16,1
124,48,3,1
125,48,29,2
126,49,2,3
127,49,16,5
128,50,4,1
129,51,1,5
130,51,16,4
131,51,24,3
132,51,17,1
133,52,27,3
134,52,22,5
135,52,19,3
136,52,2,5
137,53,28,1
138,54,28,5
139,54,16,3
140,54,4,3
141,54,17,1
142,54,12,4
143,55,14,5
144,55,6,3
145,55,28,1
146,55,5,5
147,55,17,5
148,56,28,1
149,56,20,5
150,56,21,1
151,57,18,1
152,57,10,2
153,57,3,2
154,58,27,2
155,58,2,2
156,59,8,1
157,60,11,5
158,61,23,2
159,61,3,2
160,62,24,5
161,63,26,1
162,63,4,5
163,63,20,1
164,63,8,4
165,64,23,4
166,64,2,2
167,64,22,3
168,65,26,5
169,66,26,1
170,66,20,2
171,67,28,5
172,67,1,5
173,67,12,4
174,68,7,4
175,68,6,5
176,68,20,3
177,68,23,4
178,68,16,5
179,69,28,2
180,69,30,3
181,70,24,3
182,71,26,2
183,71,5,2
184,71,21,1
185,71,12,5
186,72,26,2
187,73,15,2
188,74,8,5
189,75,1,5
190,75,7,5
191,75,22,5
192,75,23,3
193,75,12,2
194,76,5,1
195,76,29,4
196,76,15,1
197,77,5,4
198,77,16,2
199,77,26,5
200,77,7,4
201,78,30,5
202,79,10,5
203,79,4,2
204,80,10,2
205,80,19,2
206,80,1,5
207,80,13,4
208,81,17,4
209,81,27,4
210,82,18,3
211,82,28,1
212,82,1,5
213,82,19,3
214,83,12,3
215,83,1,1
216,83,8,2
217,83,11,4
218,83,29,5
219,84,14,2
220,84,29,3
221,84,18,3
222,84,23,1
223,85,8,5
224,85,26,2
225,86,30,2
226,86,19,1
227,87,26,5
228,87,18,5
229,87,11,5
230,87,24,4
231,88,21,5
232,89,4,2
233,90,9,3
234,90,17,3
235,90,16,4
236,90,18,1
237,90,7,5
238,91,17,5
239,91,23,1
240,91,3,1
241,91,30,1
242,92,30,4
243,93,22,5
244,94,19,1
245,94,4,4
246,94,29,1
247,95,12,1
248,95,7,4
249,95,14,4
250,96,26,5
251,96,5,3
252,96,12,1
253,97,27,5
254,97,4,5
255,97,23,1
256,97,7,5
257,98,10,2
258,98,7,2
259,98,5,3
260,98,23,5
261,98,11,3
262,99,15,4
263,99,9,2
264,100,12,1
265,100,29,5
266,101,9,2
267,101,27,2
268,102,5,5
269,102,6,3
270,103,1,4
271,103,17,1
272,103,13,4
273,103,4,4
274,103,19,5
275,104,22,3
276,104,10,2
277,104,19,3
278,104,13,5
279,105,28,2
280,105,20,4
281,106,9,1
282,106,3,5
283,106,28,1
284,106,17,1
285,106,24,1
286,107,6,2
287,107,12,5
288,107,13,5
289,107,15,5
290,107,16,5
291,108,28,5
292,108,4,3
293,108,19,4
294,109,18,1
295,110,14,1
296,111,22,3
297,111,16,1
298,111,11,4
299,111,10,4
300,111,24,4
301,112,8,2
302,112,28,4
303,112,26,2
304,112,18,4
305,112,5,1
306,113,27,1
307,113,9,1
308,113,21,4
309,113,13,4
310,114,13,3
311,114,29,2
312,114,19,5
313,114,15,1
314,114,2,2
315,115,27,5
316,115,5,1
317,116,18,1
318,117,21,2
319,117,25,3
320,117,27,1
321,118,1,2
322,118,9,3
323,118,21,4
324,118,17,5
325,118,5,3
326,119,23,5
327,119,21,5
328,119,10,2
329,119,19,1
330,119,14,1
331,120,19,5
332,121,4,1
333,121,17,2
334,121,28,2
335,121,26,2
336,121,22,3
337,122,18,4
338,122,1,4
339,122,5,3
340,123,17,5
341,124,14,2
342,124,11,3
343,124,7,4
344,124,2,2
345,124,18,3
346,125,2,4
347,125,25,1
348,125,24,4
349,126,19,1
350,126,5,5
351,127,10,1
352,127,17,4
353,127,20,5
354,127,2,5
355,128,13,3
356,128,11,3
357,129,15,1
358,129,23,3
359,129,22,4
360,130,24,1
361,130,3,3
362,130,27,5
363,130,18,5
364,131,19,3
365,131,21,5
366,132,28,2
367,132,29,5
368,133,5,1
369,134,26,2
370,134,17,2
371,134,13,3
372,134,9,2
373,135,15,1
374,136,16,5
375,136,17,2
376,136,4,1
377,137,3,5
378,138,15,2
379,138,28,2
380,138,13,2
381,138,14,3
382,139,7,3
383,139,15,3
384,139,28,5
385,140,26,3
386,140,19,1
387,141,28,2
388,141,7,1
389,141,17,2
390,141,30,4
391,141,25,1
392,142,20,1
393,142,4,2
394,142,3,1
395,142,13,2
396,142,15,4
397,143,15,1
398,143,12,3
399,144,9,5
400,144,6,4
401,145,2,3
402,145,24,3
403,146,6,5
404,146,25,1
405,146,21,5
406,146,23,4
407,146,30,3
408,147,23,3
409,148,8,5
410,148,4,2
411,148,20,4
412,149,4,1
413,149,30,3
414,149,25,2
415,150,8,2
416,150,19,5
417,150,12,5
418,151,22,4
419,151,19,4
420,152,20,1
421,153,15,1
422,153,26,5
423,153,30,3
424,153,4,5
425,154,3,1
426,154,6,2
427,154,24,2
428,155,23,2
429,155,12,2
430,155,13,2
431,155,20,1
432,155,5,1
433,156,9,3
434,157,30,1
435,157,5,4
436,157,12,2
437,158,24,3
438,158,9,2
439,158,12,3
440,158,3,1
441,158,8,4
442,159,8,3
443,159,9,5
444,159,14,4
445,159,30,3
446,159,21,5
447,160,19,3
448,160,14,2
449,160,30,4
450,160,25,5
451,160,10,1
452,161,8,3
453,161,29,1
454,162,25,1
455,163,15,2
456,164,8,3
457,164,7,3
458,164,6,3
459,164,19,2
460,164,20,5
461,165,20,3
462,166,29,1
463,166,1,5
464,166,5,3
465,166,23,1
466,167,22,2
467,167,10,5
468,167,27,2
469,167,1,5
470,168,13,4
471,168,24,5
472,168,8,5
473,168,29,4
474,169,13,2
475,169,27,3
476,169,19,4
477,169,4,2
478,170,27,5
479,170,20,3
480,170,30,2
481,171,14,3
482,171,12,2
483,172,8,2
484,172,25,1
485,172,15,4
486,172,11,4
487,172,12,4
488,173,5,5
489,173,8,2
490,173,17,4
491,173,26,1
492,174,29,1
493,174,22,3
494,174,23,1
495,175,21,2
496,175,14,4
497,175,22,1
498,175,1,3
499,175,8,5
500,176,21,1
501,177,20,1
502,177,21,2
503,178,3,4
504,179,26,3
505,180,7,2
506,180,27,2
507,181,17,3
508,181,27,4
509,181,19,1
510,182,6,5
511,182,24,1
512,182,17,5
513,182,11,2
514,183,18,5
515,183,17,1
516,183,20,1
517,183,22,4
518,184,8,1
519,184,7,1
520,184,13,3
521,184,27,3
522,184,30,5
523,185,13,5
524,186,18,1
525,186,14,3
526,186,15,2
527,187,22,4
528,187,17,2
529,188,4,1
530,188,8,5
531,188,23,3
532,189,10,3
533,189,14,2
534,190,1,4
535,190,18,5
536,190,8,1
537,190,25,3
538,191,29,1
539,191,15,5
540,191,3,3
541,192,28,2
542,193,24,3
543,193,16,4
544,193,20,5
545,194,14,2
546,194,7,2
547,194,1,5
548,194,19,5
549,194,4,5
550,195,18,2
551,195,1,5
552,195,20,3
553,195,10,2
554,196,23,4
555,196,20,5
556,196,5,1
557,197,21,4
558,197,3,4
559,198,22,4
560,198,24,1
561,199,30,3
562,199,14,1
563,200,19,1
564,200,14,1
565,201,13,1
566,201,7,1
567,202,14,4
568,202,26,2
569,202,29,5
570,203,23,5
571,203,11,2
572,204,10,4
573,204,9,2
574,204,17,5
575,204,25,2
576,204,12,5
577,205,22,5
578,205,27,1
579,206,8,2
580,206,12,5
581,206,25,5
582,207,13,1
583,207,26,5
584,208,30,2
585,208,14,2
586,208,28,3
587,208,1,3
588,209,4,3
589,209,26,5
590,209,21,3
591,209,8,3
592,209,17,3
593,210,22,2
594,210,23,5
595,210,24,1
596,211,4,4
597,211,19,3
598,212,11,1
599,212,30,3
600,212,13,3
601,212,2,1
602,213,2,5
603,213,9,1
604,214,1,1
605,215,11,2
606,215,25,3
607,215,3,2
608,215,5,4
609,215,12,3
610,216,12,3
611,216,5,4
612,217,27,1
613,217,29,1
614,217,10,1
615,218,15,4
616,219,8,5
617,219,17,5
618,219,22,1
619,220,25,4
620,220,15,3
621,221,9,5
622,221,26,2
623,222,23,2
624,223,22,2
625,223,7,5
626,223,9,3
627,223,16,2
628,223,27,5
629,224,30,4
630,224,7,3
631,225,27,2
632,225,7,1
633,226,12,4
634,226,13,2
635,226,3,5
636,227,8,2
637,227,23,4
638,227,7,1
639,228,29,1
640,228,13,2
641,228,1,5
642,228,10,4
643,229,23,3
644,229,10,2
645,230,23,5
646,230,13,2
647,230,3,3
648,231,29,1
649,231,30,5
650,231,12,1
651,231,16,4
652,232,10,1
653,233,5,1
654,233,30,1
655,233,3,5
656,233,14,2
657,234,18,5
658,234,25,1
659,234,21,1
660,234,15,1
661,235,24,4
662,236,27,2
663,236,5,5
664,236,11,4
665,236,6,3
666,237,2,1
667,237,7,4
668,237,4,3
669,237,8,4
670,237,29,5
671,238,13,2
672,238,11,2
673,238,25,2
674,239,17,2
675,240,24,5
676,240,5,1
677,240,9,3
678,241,26,1
679,241,29,3
680,241,10,3
681,241,18,2
682,242,24,3
683,243,6,5
684,243,24,5
685,243,15,1
686,244,4,5
687,245,11,1
688,245,24,3
689,246,28,5
690,246,9,3
691,246,25,2
692,247,10,1
693,247,15,1
694,247,5,3
695,247,27,2
696,248,15,3
697,248,5,2
698,248,18,5
699,248,28,5
700,249,5,5
701,249,17,2
702,249,8,5
703,249,30,5
704,250,26,3
705,250,24,2
706,250,8,3
707,251,13,1
708,251,6,3
709,251,16,4
710,251,1,3
711,251,27,1
712,252,11,5
713,252,25,5
714,252,10,4
715,252,27,4
716,252,7,5
717,253,13,2
718,253,25,3
719,253,23,2
720,254,11,5
721,254,30,2
722,255,2,5
723,255,29,4
724,255,7,2
725,255,13,3
726,256,9,1
727,257,28,5
728,257,3,3
729,258,9,2
730,258,28,4
731,259,29,4
732,259,20,4
733,259,18,4
734,259,27,1
735,259,12,1
736,260,22,1
737,260,26,3
738,261,18,5
739,261,12,4
740,262,3,4
741,262,29,4
742,262,7,5
743,263,1,3
744,263,11,2
745,263,23,2
746,264,14,2
747,264,29,4
748,265,3,5
749,266,7,5
750,267,11,4
751,267,2,4
752,267,22,3
753,267,27,3
754,267,17,4
755,268,29,5
756,268,15,5
757,268,27,4
758,268,6,3
759,269,5,3
760,270,1,2
761,270,28,2
762,270,29,3
763,271,25,4
764,272,15,4
765,272,16,3
766,273,14,1
767,273,17,5
768,273,21,3
769,273,18,4
770,274,29,4
771,274,21,4
772,274,26,3
773,275,14,1
774,275,30,1
775,275,12,4
776,275,4,1
777,276,28,5
778,277,2,3
779,277,13,1
780,277,8,5
781,277,18,2
782,277,14,3
783,278,25,1
784,278,28,1
785,278,8,3
786,278,22,3
787,278,24,1
788,279,12,1
789,280,20,1
790,280,10,2
791,280,28,1
792,280,2,1
793,281,9,5
794,282,13,4
795,283,22,2
796,283,6,2
797,284,18,2
798,284,10,4
799,285,8,3
800,286,3,3
801,286,6,1
802,286,9,1
803,286,18,4
804,286,8,2
805,287,30,4
806,287,15,3
807,287,7,3
808,287,20,4
809,288,22,2
810,288,3,1
811,289,10,3
812,289,18,4
813,289,23,4
814,289,13,1
815,290,19,2
816,290,23,4
817,290,13,5
818,290,21,3
819,290,12,2
820,291,19,5
821,291,24,1
822,292,3,4
823,292,10,3
824,292,29,5
825,293,7,4
826,294,30,5
827,295,29,4
828,295,5,4
829,296,12,4
830,296,28,2
831,296,17,3
832,296,9,4
833,297,21,2
834,297,4,2
835,298,4,2
836,298,19,3
837,299,22,5
838,299,12,3
839,300,18,5
840,300,15,1
841,300,3,2
842,300,8,4
843,300,16,2
844,301,14,2
845,301,23,5
846,301,5,5
847,301,9,4
848,302,15,1
849,302,20,2
850,302,7,1
851,302,27,1
852,302,25,4
853,303,3,5
854,303,5,1
855,304,24,4
856,304,13,3
857,304,10,3
858,304,22,2
859,305,10,4
860,305,30,1
861,305,1,5
862,305,20,3
863,305,12,1
864,306,22,4
865,307,25,3
866,307,5,5
867,307,12,5
868,307,17,1
869,308,24,4
870,308,15,4
871,308,27,5
872,308,20,2
873,309,9,5
874,309,20,2
875,310,1,3
876,310,6,5
877,310,21,3
878,310,5,1
879,310,17,3
880,311,10,4
881,311,21,2
882,311,24,3
883,311,11,2
884,312,18,5
885,313,7,3
886,314,23,4
887,314,6,4
888,315,20,2
889,315,10,4
890,315,23,2
891,315,21,1
892,315,8,5
893,316,15,2
894,316,1,2
895,316,11,2
896,316,30,2
897,316,18,1
898,317,8,1
899,317,12,3
900,318,14,4
901,319,1,3
902,320,16,5
903,320,9,2
904,320,30,4
905,320,2,2
906,320,6,1
907,321,9,1
908,322,9,5
909,322,13,1
910,322,11,4
911,322,2,5
912,322,6,4
913,323,6,2
914,323,18,5
915,323,9,3
916,324,11,1
917,324,24,1
918,324,21,1
919,324,12,2
920,324,7,5
921,325,28,5
922,325,25,1
923,325,17,1
924,326,12,2
925,326,11,3
926,326,8,2
927,327,14,1
928,327,3,5
929,328,8,2
930,328,6,4
931,329,29,2
932,329,25,4
933,329,5,2
934,329,16,5
935,329,15,4
936,330,15,3
937,330,16,2
938,330,12,3
939,330,11,5
940,331,23,3
941,331,16,5
942,331,28,1
943,331,4,3
944,331,19,4
945,332,13,3
946,332,2,5
947,332,4,5
948,332,20,3
949,332,29,4
950,333,8,2
951,333,4,2
952,333,2,1
953,334,4,2
954,334,25,3
955,334,7,4
956,334,10,5
957,334,24,1
958,335,29,2
959,335,24,4
960,336,4,1
961,336,12,5
962,336,10,3
963,336,13,5
964,337,9,2
965,337,15,2
966,337,24,2
967,337,25,5
968,338,8,1
969,338,26,3
970,339,4,2
971,339,24,3
972,339,28,2
973,339,25,2
974,339,19,4
975,340,1,2
976,340,5,1
977,341,12,2
978,341,1,5
979,341,17,5
980,342,28,3
981,342,10,1
982,342,14,5
983,343,25,1
984,343,2,3
985,343,7,5
986,343,18,3
987,343,10,5
988,344,17,3
989,345,14,3
990,345,4,2
991,345,6,2
992,345,7,5
993,346,8,5
994,346,1,4
995,346,3,1
996,346,27,1
997,347,13,1
998,347,28,2
999,347,5,4
1000,347,27,5
1001,348,3,4
1002,348,29,2
1003,349,22,2
1004,349,23,4
1005,349,2,1
1006,350,2,4
1007,350,8,4
1008,350,26,4
1009,351,13,5
1010,351,15,1
1011,351,23,2
1012,351,30,1
1013,351,16,4
1014,352,16,4
1015,353,3,5
1016,353,23,4
1017,353,19,5
1018,353,20,4
1019,354,25,5
1020,355,6,2
1021,355,8,1
1022,355,21,4
1023,355,20,2
1024,356,14,4
1025,356,1,2
1026,356,13,2
1027,356,9,5
1028,356,2,3
1029,357,9,1
1030,358,3,4
1031,358,30,2
1032,358,4,2
1033,359,22,3
1034,359,15,4
1035,359,5,4
1036,360,12,1
1037,360,10,2
1038,361,3,2
1039,361,30,3
1040,361,16,4
1041,361,14,1
1042,361,15,5
1043,362,2,3
1044,362,3,2
1045,362,14,4
1046,363,10,1
1047,363,2,1
1048,364,22,1
1049,364,4,1
1050,364,14,5
1051,364,20,3
1052,364,3,1
1053,365,13,5
1054,366,8,5
1055,366,2,4
1056,367,15,4
1057,368,28,4
1058,368,13,4
1059,368,18,5
1060,368,6,5
1061,368,11,2
1062,369,23,3
1063,369,19,5
1064,369,2,2
1065,369,25,2
1066,370,18,5
1067,370,24,1
1068,370,23,3
1069,371,3,5
1070,372,28,3
1071,373,1,4
1072,373,4,1
1073,373,5,4
1074,373,20,5
1075,374,4,4
1076,374,6,2
1077,374,5,4
1078,374,30,5
1079,375,7,3
1080,375,28,5
1081,375,29,5
1082,376,30,3
1083,376,21,5
1084,377,23,2
1085,377,24,5
1086,378,13,5
1087,379,18,5
1088,379,21,5
1089,380,5,5
1090,380,4,1
1091,381,17,4
1092,381,11,5
1093,381,20,5
1094,382,30,4
1095,382,2,4
1096,383,18,3
1097,383,9,5
1098,383,20,5
1099,383,6,2
1100,384,10,5
1101,384,17,1
1102,384,24,1
1103,384,9,1
1104,384,2,4
1105,385,1,2
1106,385,18,2
1107,385,28,5
1108,385,11,2
1109,385,8,3
1110,386,15,1
1111,387,23,5
1112,387,19,5
1113,387,12,1
1114,387,5,5
1115,388,23,3
1116,389,13,3
1117,390,24,1
1118,390,5,4
1119,390,21,2
1120,391,11,4
1121,391,15,3
1122,391,7,3
1123,391,28,3
1124,392,26,5
1125,392,5,2
1126,392,6,4
1127,393,8,1
1128,394,2,2
1129,395,17,4
1130,395,30,4
1131,395,14,1
1132,396,25,2
1133,397,10,5
1134,397,4,4
1135,398,8,2
1136,398,22,5
1137,398,21,4
1138,399,11,2
1139,399,15,1
1140,400,23,1
1141,400,25,3
1142,401,26,1
1143,401,18,4
1144,401,30,4
1145,401,21,4
1146,402,14,1
1147,402,24,5
1148,402,3,2
1149,403,12,1
1150,404,21,5
1151,404,30,5
1152,405,11,3
1153,405,25,4
1154,405,29,5
1155,405,18,2
1156,406,21,4
1157,406,27,2
1158,406,15,3
1159,406,23,4
1160,406,13,3
1161,407,29,1
1162,407,24,3
1163,407,22,3
1164,407,23,5
1165,407,30,4
1166,408,5,2
1167,409,16,1
1168,409,12,5
1169,410,1,4
1170,410,8,3
1171,410,10,2
1172,411,25,2
1173,411,21,3
1174,411,27,2
1175,412,16,5
1176,413,20,4
1177,414,26,2
1178,414,22,4
1179,415,14,1
1180,416,21,1
1181,416,20,3
1182,417,23,3
1183,417,5,2
1184,417,4,5
1185,418,20,2
1186,418,24,3
1187,418,26,5
1188,418,6,5
1189,419,10,4
1190,419,28,1
1191,419,13,4
1192,419,17,4
1193,419,29,3
1194,420,16,2
1195,420,23,4
1196,420,4,2
1197,420,30,2
1198,420,19,4
1199,421,19,1
1200,421,14,3
1201,421,22,5
1202,421,12,2
1203,422,4,3
1204,422,16,5
1205,422,30,1
1206,422,23,1
1207,422,18,4
1208,423,27,4
1209,424,15,3
1210,424,25,4
1211,424,22,5
1212,425,17,4
1213,426,16,3
1214,426,15,4
1215,426,11,1
1216,426,26,5
1217,427,20,5
1218,428,18,3
1219,428,13,3
1220,429,30,5
1221,430,27,5
1222,431,21,3
1223,431,10,3
1224,431,14,2
1225,432,5,5
1226,432,20,1
1227,432,21,2
1228,433,4,2
1229,433,30,2
1230,433,3,1
1231,433,24,1
1232,433,6,1
1233,434,12,4
1234,434,25,4
1235,434,24,1
1236,434,4,5
1237,435,10,4
1238,435,7,3
1239,435,23,4
1240,435,14,2
1241,436,25,5
1242,436,6,4
1243,437,13,4
1244,438,20,2
1245,438,26,3
1246,438,25,5
1247,439,18,1
1248,439,27,2
1249,439,24,3
1250,439,20,5
1251,440,26,4
1252,440,24,1
1253,441,26,5
1254,441,18,5
1255,441,3,2
1256,441,5,1
1257,441,19,3
1258,442,21,4
1259,443,29,1
1260,444,18,5
1261,445,10,1
1262,445,7,1
1263,445,17,5
1264,445,29,2
1265,446,26,3
1266,446,9,1
1267,446,17,2
1268,446,6,2
1269,447,10,5
1270,448,2,1
1271,448,10,2
1272,448,16,3
1273,448,29,4
1274,448,24,4
1275,449,10,3
1276,449,19,1
1277,449,7,5
1278,450,26,4
1279,450,14,4
1280,450,22,5
1281,450,15,4
1282,451,14,3
1283,451,29,1
1284,451,8,2
1285,451,28,2
1286,452,2,1
1287,453,8,4
1288,453,1,2
1289,453,20,3
1290,454,23,1
1291,454,27,2
1292,454,11,3
1293,454,5,3
1294,455,24,4
1295,455,10,4
1296,455,28,1
1297,456,5,5
1298,456,8,1
1299,456,15,2
1300,456,10,4
1301,457,6,4
1302,457,2,3
1303,457,13,3
1304,457,27,2
1305,458,8,1
1306,458,28,1
1307,458,23,5
1308,459,16,3
1309,459,5,4
1310,459,30,3
1311,459,9,4
1312,460,14,1
1313,460,13,5
1314,460,21,5
1315,461,4,4
1316,461,6,2
1317,462,23,3
1318,462,5,1
1319,462,3,1
1320,463,25,4
1321,463,2,2
1322,463,30,5
1323,463,3,5
1324,464,29,1
1325,464,20,2
1326,464,6,3
1327,464,28,4
1328,465,11,2
1329,466,12,1
1330,466,21,2
1331,466,22,3
1332,466,28,2
1333,467,28,2
1334,467,30,1
1335,467,21,3
1336,467,20,2
1337,467,9,3
1338,468,26,3
1339,468,25,1
1340,469,12,3
1341,469,30,3
1342,469,3,1
1343,469,20,5
1344,469,16,2
1345,470,3,4
1346,470,15,1
1347,471,28,1
1348,471,8,3
1349,471,4,2
1350,471,25,5
1351,472,25,5
1352,472,21,4
1353,472,14,4
1354,473,17,1
1355,473,3,4
1356,473,13,2
1357,473,19,1
1358,474,27,3
1359,474,2,4
1360,474,21,3
1361,475,30,3
1362,475,20,1
1363,475,25,2
1364,476,19,3
1365,477,10,3
1366,477,9,4
1367,477,20,5
1368,478,27,4
1369,479,28,3
1370,480,14,5
1371,480,29,4
1372,480,8,1
1373,480,30,1
1374,481,24,4
1375,482,14,3
1376,483,3,1
1377,483,27,1
1378,483,4,3
1379,483,28,2
1380,483,9,5
1381,484,24,5
1382,485,16,4
1383,486,11,2
1384,486,21,5
1385,486,5,4
1386,487,3,4
1387,487,1,5
1388,487,29,1
1389,487,9,4
1390,487,17,2
1391,488,8,5
1392,489,22,4
1393,489,14,1
1394,489,19,2
1395,489,20,5
1396,490,19,4
1397,490,25,5
1398,490,4,4
1399,490,28,4
1400,490,22,4
1401,491,3,4
1402,491,2,2
1403,491,27,1
1404,491,1,1
1405,491,18,1
1406,492,12,2
1407,492,27,3
1408,492,28,2
1409,492,1,1
1410,492,29,5
1411,493,3,3
1412,494,20,1
1413,494,13,5
1414,494,6,1
1415,494,14,1
1416,494,30,3
1417,495,28,1
1418,495,26,5
1419,495,21,1
1420,495,30,2
1421,496,22,1
1422,496,9,5
1423,496,17,1
1424,497,24,5
1425,498,27,1
1426,498,7,5
1427,498,11,3
1428,499,13,5
1429,499,1,4
1430,499,19,4
1431,500,21,5
1432,500,12,5
1433,500,16,1
1434,500,13,2
1435,500,7,4
1436,501,5,1
1437,501,27,5
1438,502,15,4
1439,503,18,2
1440,503,4,1
1441,504,18,5
1442,504,19,4
1443,504,8,4
1444,504,17,1
1445,505,26,3
1446,505,15,1
1447,505,7,2
1448,505,29,1
1449,506,2,3
1450,506,11,5
1451,507,14,2
1452,507,19,1
1453,508,7,4
1454,509,20,3
1455,509,21,2
1456,509,29,3
1457,510,17,1
1458,510,30,4
1459,511,11,1
1460,511,23,5
1461,511,15,2
1462,512,21,1
1463,512,25,1
1464,512,6,4
1465,512,22,3
1466,512,18,4
1467,513,13,1
1468,513,21,2
1469,513,30,4
1470,514,2,3
1471,514,3,4
1472,514,12,1
1473,514,23,3
1474,515,27,1
1475,515,22,4
1476,516,1,2
1477,516,24,4
1478,516,5,4
1479,516,15,4
1480,517,29,2
1481,517,28,2
1482,517,3,3
1483,518,30,3
1484,518,17,1
1485,518,6,5
1486,519,16,4
1487,519,24,4
1488,520,4,1
1489,521,18,5
1490,521,30,3
1491,521,3,3
1492,521,13,4
1493,521,26,3
1494,522,27,2
1495,522,19,2
1496,522,6,3
1497,523,15,5
1498,523,30,2
1499,523,5,2
1500,523,29,5
1501,523,10,4
1502,524,3,4
1503,524,18,4
1504,524,9,1
1505,524,29,5
1506,524,27,4
1507,525,13,4
1508,526,5,1
1509,526,17,5
1510,526,2,5
1511,526,22,5
1512,526,27,3
1513,527,10,2
1514,527,13,3
1515,527,26,1
1516,528,14,4
1517,528,21,4
1518,528,11,4
1519,528,19,1
1520,528,28,5
1521,529,13,2
1522,529,11,4
1523,529,19,5
1524,530,3,4
1525,531,8,1
1526,531,24,2
1527,532,5,5
1528,532,8,4
1529,532,17,5
1530,533,22,3
1531,533,27,5
1532,533,2,3
1533,533,13,4
1534,534,22,3
1535,534,7,4
1536,534,5,1
1537,534,24,4
1538,534,9,2
1539,535,6,1
1540,535,19,3
1541,535,26,4
1542,535,12,4
1543,536,4,3
1544,536,1,3
1545,537,25,3
1546,537,18,1
1547,537,19,5
1548,538,18,4
1549,538,19,4
1550,538,7,5
1551,539,16,1
1552,539,8,4
1553,539,13,1
1554,540,17,1
1555,541,6,3
1556,541,27,5
1557,541,13,5
1558,542,22,5
1559,542,11,3
1560,543,10,5
1561,543,16,4
1562,544,9,3
1563,544,24,1
1564,545,19,2
1565,545,8,2
1566,545,17,3
1567,546,4,1
1568,547,1,5
1569,547,13,5
1570,547,28,1
1571,547,4,3
1572,547,2,1
1573,548,14,4
1574,548,30,3
1575,549,8,3
1576,549,14,4
1577,549,13,5
1578,550,13,5
1579,550,19,3
1580,551,8,1
1581,551,23,2
1582,552,28,4
1583,552,2,2
1584,553,13,4
1585,553,2,3
1586,554,22,5
1587,554,7,5
1588,554,1,1
1589,555,30,5
1590,556,21,3
1591,556,19,1
1592,556,25,1
1593,556,23,2
1594,556,10,4
1595,557,20,2
1596,557,14,2
1597,557,28,4
1598,557,21,4
1599,558,27,2
1600,558,12,2
1601,558,18,2
1602,558,11,1
1603,558,17,1
1604,559,26,5
1605,560,18,1
1606,560,23,2
1607,561,6,5
1608,562,25,5
1609,562,28,3
1610,562,1,3
1611,562,19,1
1612,563,2,4
1613,563,4,4
1614,563,18,3
1615,564,19,1
1616,564,6,4
1617,564,5,1
1618,564,26,2
1619,564,29,1
1620,565,27,1
1621,565,24,2
1622,565,15,5
1623,565,21,3
1624,566,5,1
1625,566,24,4
1626,566,11,1
1627,566,4,1
1628,566,30,1
1629,567,20,3
1630,567,19,4
1631,567,5,2
1632,567,17,5
1633,567,22,4
1634,568,3,2
1635,569,12,1
1636,569,28,1
1637,569,13,2
1638,570,13,4
1639,570,2,1
1640,570,9,3
1641,570,22,1
1642,570,4,5
1643,571,13,2
1644,571,9,4
1645,571,18,3
1646,571,28,4
1647,571,12,5
1648,572,8,1
1649,572,4,5
1650,572,28,3
1651,572,3,5
1652,573,17,2
1653,574,12,5
1654,574,10,5
1655,574,5,2
1656,574,22,1
1657,574,4,2
1658,575,25,3
1659,575,15,1
1660,575,12,4
1661,576,11,1
1662,576,4,2
1663,576,28,2
1664,576,6,1
1665,576,20,4
1666,577,8,4
1667,578,12,3
1668,578,22,5
1669,579,27,1
1670,579,2,5
1671,580,25,1
1672,580,23,2
1673,580,7,4
1674,580,30,4
1675,580,16,3
1676,581,4,5
1677,581,7,4
1678,581,15,3
1679,581,9,3
1680,581,8,1
1681,582,24,5
1682,583,4,3
1683,583,29,1
1684,583,2,2
1685,584,13,4
1686,584,23,4
1687,584,26,4
1688,584,8,1
1689,585,24,4
1690,585,18,3
1691,585,15,4
1692,585,22,1
1693,585,17,3
1694,586,12,2
1695,586,25,2
1696,587,10,3
1697,588,19,3
1698,588,13,5
1699,588,8,4
1700,588,15,4
1701,588,11,3
1702,589,17,4
1703,590,25,1
1704,590,14,2
1705,590,26,1
1706,590,18,5
1707,591,20,1
1708,591,11,1
1709,591,18,3
1710,591,2,5
1711,592,21,5
1712,592,6,2
1713,593,14,5
1714,593,30,3
1715,594,8,4
1716,594,13,3
1717,594,12,1
1718,594,17,3
1719,594,18,3
1720,595,12,1
1721,595,16,4
1722,595,3,4
1723,595,24,3
1724,596,30,1
1725,596,12,3
1726,597,25,2
1727,597,19,2
1728,597,26,4
1729,597,12,3
1730,597,29,3
1731,598,2,1
1732,598,11,3
1733,598,21,2
1734,598,23,5
1735,598,10,4
1736,599,11,1
1737,600,20,2
1738,600,22,5
1739,600,12,1
1740,601,10,4
1741,601,5,4
1742,601,28,2
1743,601,11,5
1744,601,24,2
1745,602,8,2
1746,602,23,3
1747,602,22,5
1748,602,27,1
1749,603,3,4
1750,603,13,5
1751,603,10,4
1752,603,9,3
1753,603,2,3
1754,604,25,5
1755,605,3,4
1756,606,21,3
1757,606,3,1
1758,606,7,3
1759,606,26,1
1760,607,13,4
1761,607,29,4
1762,608,27,2
1763,608,4,1
1764,608,18,1
1765,608,26,2
1766,608,13,4
1767,609,23,2
1768,609,27,3
1769,609,9,1
1770,609,5,2
1771,610,17,2
1772,611,9,5
1773,611,4,5
1774,611,11,3
1775,611,21,3
1776,611,12,2
1777,612,19,5
1778,612,28,2
1779,612,8,5
1780,613,14,4
1781,613,23,2
1782,613,20,2
1783,613,13,5
1784,613,8,1
1785,614,16,4
1786,614,14,1
1787,614,27,4
1788,615,15,3
1789,615,5,1
1790,616,15,3
1791,616,8,5
1792,616,4,2
1793,617,24,2
1794,617,4,3
1795,617,2,1
1796,617,17,5
1797,617,20,5
1798,618,30,5
1799,618,9,1
1800,618,29,1
1801,618,28,5
1802,618,25,2
1803,619,29,4
1804,619,3,3
1805,619,22,4
1806,619,28,4
1807,619,6,3
1808,620,15,1
1809,620,5,5
1810,620,23,2
1811,620,18,5
1812,621,16,3
1813,622,14,1
1814,622,30,3
1815,622,15,4
1816,623,22,5
1817,623,8,1
1818,623,16,3
1819,623,23,2
1820,623,10,3
1821,624,30,1
1822,624,17,3
1823,625,22,1
1824,625,17,4
1825,626,15,1
1826,626,27,5
1827,626,5,1
1828,626,1,1
1829,627,4,1
1830,627,9,2
1831,627,8,3
1832,628,15,2
1833,629,30,1
1834,629,17,2
1835,629,27,1
1836,629,29,1
1837,629,13,4
1838,630,21,3
1839,630,17,1
1840,630,12,5
1841,630,23,1
1842,631,3,2
1843,632,4,2
1844,632,17,3
1845,632,11,4
1846,632,3,2
1847,633,14,2
1848,634,23,4
1849,634,24,3
1850,634,29,3
1851,634,6,1
1852,634,1,1
1853,635,21,1
1854,635,5,3
1855,635,16,5
1856,636,19,4
1857,636,16,3
1858,636,11,2
1859,637,20,4
1860,638,23,2
1861,638,24,3
1862,638,25,5
1863,638,8,3
1864,639,16,3
1865,639,19,2
1866,640,16,4
1867,640,1,1
1868,640,12,5
1869,640,11,5
1870,641,12,1
1871,641,6,1
1872,641,5,1
1873,642,14,5
1874,642,22,3
1875,642,1,2
1876,642,16,1
1877,643,22,5
1878,643,27,2
1879,643,30,4
1880,644,13,4
1881,645,22,5
1882,645,24,4
1883,645,29,2
1884,646,9,1
1885,646,8,2
1886,647,10,1
1887,647,2,2
1888,647,5,4
1889,647,30,1
1890,647,18,2
1891,648,9,1
1892,648,27,1
1893,648,12,3
1894,648,3,2
1895,649,25,3
1896,649,16,2
1897,650,24,2
1898,650,6,2
1899,650,11,3
1900,650,29,4
1901,651,9,4
1902,651,12,3
1903,651,20,3
1904,652,30,5
1905,652,2,3
1906,653,10,1
1907,653,1,1
1908,653,27,4
1909,654,28,2
1910,654,29,4
1911,654,1,3
1912,655,25,2
1913,655,21,3
1914,656,16,5
1915,656,27,4
1916,656,2,1
1917,657,28,1
1918,657,17,5
1919,657,4,1
1920,657,9,4
1921,657,19,1
1922,658,4,1
1923,658,13,2
1924,659,10,2
1925,660,22,2
1926,660,3,4
1927,660,27,5
1928,661,28,4
1929,662,27,1
1930,662,26,3
1931,662,24,4
1932,662,17,3
1933,662,25,1
1934,663,18,4
1935,663,13,1
1936,664,23,4
1937,664,15,1
1938,664,25,5
1939,664,11,2
1940,664,8,3
1941,665,18,3
1942,665,30,2
1943,665,1,3
1944,665,16,2
1945,665,23,2
1946,666,6,3
1947,666,4,3
1948,667,24,3
1949,667,10,1
1950,667,23,3
1951,667,14,3
1952,667,17,1
1953,668,6,3
1954,668,25,1
1955,668,28,4
1956,668,1,5
1957,668,9,2
1958,669,21,2
1959,669,29,2
1960,669,11,3
1961,670,6,2
1962,670,8,4
1963,670,18,4
1964,670,11,5
1965,671,18,2
1966,671,22,3
1967,671,26,1
1968,671,13,4
1969,672,11,4
1970,672,28,1
1971,672,23,3
1972,672,14,2
1973,672,25,1
1974,673,16,5
1975,673,5,1
1976,673,10,4
1977,673,21,2
1978,673,7,3
1979,674,15,4
1980,674,19,3
1981,674,4,5
1982,674,1,4
1983,674,12,4
1984,675,24,2
1985,675,23,1
1986,675,21,5
1987,676,20,1
1988,676,13,5
1989,677,14,2
1990,677,17,2
1991,677,26,1
1992,677,21,5
1993,678,6,3
1994,679,3,1
1995,679,22,5
1996,679,10,1
1997,679,12,3
1998,679,30,1
1999,680,29,5
2000,681,14,4
2001,681,15,5
2002,681,17,5
2003,681,2,5
2004,681,6,4
2005,682,30,1
2006,682,17,3
2007,683,19,2
2008,683,10,4
2009,684,4,2
2010,684,9,2
2011,684,28,3
2012,685,22,4
2013,685,24,3
2014,685,29,1
2015,686,30,1
2016,687,3,2
2017,687,8,2
2018,687,1,5
2019,688,2,3
2020,688,13,1
2021,689,29,5
2022,689,16,1
2023,690,29,5
2024,690,7,2
2025,690,17,5
2026,690,5,2
2027,690,3,2
2028,691,7,5
2029,692,17,1
2030,693,25,3
2031,693,29,3
2032,693,15,5
2033,694,11,2
2034,694,28,1
2035,694,22,4
2036,694,9,1
2037,694,29,1
2038,695,19,4
2039,696,22,1
2040,696,7,5
2041,696,19,3
2042,697,9,5
2043,697,15,3
2044,698,21,1
2045,698,8,2
2046,698,19,2
2047,699,15,1
2048,699,8,4
2049,699,28,4
2050,699,25,1
2051,700,18,2
2052,700,13,5
2053,700,22,4
2054,700,29,3
2055,700,10,5
2056,701,19,3
2057,701,22,3
2058,701,23,4
2059,702,28,4
2060,702,11,2
2061,702,27,3
2062,703,30,1
2063,703,9,4
2064,704,2,5
2065,704,24,1
2066,704,4,1
2067,704,26,2
2068,705,16,5
2069,705,30,2
2070,705,20,1
2071,705,3,5
2072,705,19,4
2073,706,27,4
2074,706,9,4
2075,706,6,5
2076,706,26,1
2077,706,16,3
2078,707,26,4
2079,707,10,5
2080,707,21,2
2081,707,12,2
2082,707,29,5
2083,708,22,3
2084,708,25,5
2085,708,27,2
2086,709,10,4
2087,709,11,1
2088,709,26,2
2089,709,18,4
2090,710,26,2
2091,710,30,1
2092,710,6,1
2093,711,6,3
2094,711,30,5
2095,711,1,5
2096,712,21,2
2097,712,14,5
2098,712,27,4
2099,712,7,2
2100,713,15,4
2101,713,23,4
2102,713,26,5
2103,713,20,4
2104,713,1,4
2105,714,5,5
2106,715,3,5
2107,715,28,2
2108,715,16,1
2109,715,24,3
2110,715,8,5
2111,716,6,2
2112,716,2,3
2113,716,1,5
2114,716,16,3
2115,716,20,4
2116,717,29,3
2117,717,10,3
2118,717,13,3
2119,718,15,5
2120,718,13,1
2121,718,3,4
2122,719,27,5
2123,719,19,3
2124,719,30,4
2125,720,3,2
2126,720,17,4
2127,720,23,3
2128,720,26,3
2129,720,16,5
2130,721,29,2
2131,721,19,1
2132,721,4,5
2133,721,11,2
2134,721,10,5
2135,722,25,4
2136,722,16,3
2137,722,23,3
2138,723,23,4
2139,723,5,3
2140,724,19,5
2141,724,12,2
2142,724,4,1
2143,724,10,4
2144,724,6,1
2145,725,11,5
2146,725,18,3
2147,725,23,2
2148,726,21,4
2149,726,5,1
2150,726,27,1
2151,727,22,2
2152,728,1,4
2153,728,15,4
2154,728,22,2
2155,729,29,2
2156,730,18,1
2157,730,23,3
2158,730,11,4
2159,730,8,4
2160,731,28,2
2161,731,30,5
2162,731,13,2
2163,732,17,2
2164,732,4,2
2165,732,11,4
2166,732,8,3
2167,732,22,4
2168,733,8,2
2169,733,30,1
2170,733,20,4
2171,733,23,3
2172,733,7,5
2173,734,15,3
2174,734,21,1
2175,734,3,3
2176,735,5,2
2177,735,17,1
2178,735,8,5
2179,735,30,4
2180,736,7,5
2181,736,23,4
2182,736,17,1
2183,736,10,5
2184,737,14,3
2185,737,2,2
2186,737,7,4
2187,738,2,3
2188,738,20,2
2189,739,20,5
2190,739,3,5
2191,740,8,4
2192,741,14,5
2193,741,30,4
2194,741,10,4
2195,742,4,5
2196,743,4,5
2197,743,26,4
2198,743,18,2
2199,743,23,3
2200,743,28,5
2201,744,8,3
2202,744,12,4
2203,745,1,2
2204,746,23,2
2205,747,24,2
2206,747,9,5
2207,747,25,2
2208,747,19,4
2209,747,8,1
2210,748,15,5
2211,748,17,1
2212,749,26,3
2213,749,21,2
2214,749,13,1
2215,749,12,4
2216,750,28,1
2217,750,3,2
2218,750,16,4
2219,751,25,5
2220,751,13,1
2221,751,17,5
2222,752,13,1
2223,752,28,2
2224,752,14,4
2225,753,7,1
2226,753,13,3
2227,753,6,4
2228,753,21,3
2229,754,3,5
2230,754,22,2
2231,754,16,5
2232,754,6,1
2233,755,10,3
2234,755,27,4
2235,755,17,3
2236,756,5,4
2237,756,25,1
2238,756,30,5
2239,756,26,4
2240,756,7,4
2241,757,13,2
2242,757,18,1
2243,757,20,4
2244,757,17,4
2245,757,1,1
2246,758,17,2
2247,758,8,2
2248,758,27,5
2249,758,23,3
2250,758,26,3
2251,759,7,5
2252,759,17,4
2253,759,25,5
2254,759,16,2
2255,759,22,2
2256,760,30,5
2257,761,29,2
2258,761,13,3
2259,762,30,5
2260,762,16,1
2261,762,8,3
2262,762,20,1
2263,762,10,4
2264,763,23,4
2265,763,30,1
2266,763,25,4
2267,763,9,1
2268,763,12,3
2269,764,2,1
2270,764,15,4
2271,764,1,5
2272,765,25,3
2273,766,1,3
2274,766,8,2
2275,766,30,3
2276,766,11,3
2277,767,1,2
2278,768,21,5
2279,768,8,2
2280,768,6,5
2281,768,13,3
2282,768,22,1
2283,769,3,3
2284,770,24,1
2285,770,21,3
2286,770,2,3
2287,771,27,1
2288,771,6,3
2289,771,24,4
2290,771,2,5
2291,772,20,4
2292,772,22,2
2293,772,17,3
2294,773,26,5
2295,773,20,2
2296,773,17,1
2297,773,4,4
2298,774,26,4
2299,774,3,3
2300,774,28,1
2301,775,18,1
2302,775,12,2
2303,776,6,4
2304,776,27,1
2305,776,15,4
2306,776,24,5
2307,777,2,3
2308,778,24,2
2309,778,9,2
2310,779,8,2
2311,779,19,3
2312,779,24,5
2313,779,3,2
2314,780,16,1
2315,780,15,3
2316,780,12,1
2317,781,12,2
2318,781,15,2
2319,781,23,2
2320,781,20,4
2321,781,4,1
2322,782,2,3
2323,783,21,1
2324,783,20,1
2325,784,22,5
2326,784,30,5
2327,784,1,4
2328,784,6,5
2329,785,26,4
2330,785,15,1
2331,786,24,1
2332,786,26,5
2333,786,6,1
2334,786,11,4
2335,786,15,4
2336,787,18,5
2337,787,28,3
2338,787,22,3
2339,788,10,1
2340,788,20,1
2341,789,29,5
2342,789,26,5
2343,789,21,5
2344,790,13,5
2345,790,5,1
2346,790,27,2
2347,791,8,4
2348,792,30,3
2349,792,28,4
2350,792,12,2
2351,793,27,5
2352,793,29,4
2353,793,26,1
2354,793,7,2
2355,793,21,2
2356,794,25,4
2357,794,1,5
2358,794,15,1
2359,794,10,2
2360,795,15,1
2361,795,22,3
2362,795,13,1
2363,795,17,2
2364,795,6,1
2365,796,6,3
2366,796,14,5
2367,796,15,5
2368,796,27,5
2369,796,17,5
2370,797,28,5
2371,797,22,2
2372,797,17,1
2373,798,26,5
2374,798,20,3
2375,799,18,4
2376,799,17,1
2377,800,7,4
2378,800,23,3
2379,800,11,4
2380,800,3,1
2381,800,19,4
2382,801,3,2
2383,801,16,4
2384,801,8,5
2385,801,29,1
2386,802,18,1
2387,802,3,4
2388,802,13,2
2389,803,16,4
2390,803,8,3
2391,803,28,4
2392,803,13,2
2393,803,2,3
2394,804,9,5
2395,804,2,4
2396,804,19,2
2397,805,25,3
2398,805,30,2
2399,805,6,2
2400,805,18,5
2401,805,21,5
2402,806,2,3
2403,806,30,5
2404,806,23,5
2405,806,6,2
2406,807,14,4
2407,807,4,5
2408,807,23,2
2409,807,18,2
2410,807,9,5
2411,808,20,3
2412,808,3,2
2413,809,11,1
2414,809,4,4
2415,809,17,1
2416,810,5,3
2417,810,22,1
2418,810,20,3
2419,811,27,2
2420,811,3,1
2421,811,28,4
2422,811,23,1
2423,811,18,1
2424,812,9,1
2425,812,23,2
2426,812,19,5
2427,813,15,4
2428,813,23,1
2429,813,28,2
2430,813,13,1
2431,813,10,2
2432,814,14,2
2433,815,25,3
2434,816,16,2
2435,816,10,3
2436,816,11,3
2437,816,21,5
2438,817,7,1
2439,817,30,2
2440,817,12,1
2441,817,10,2
2442,817,22,3
2443,818,16,1
2444,818,19,2
2445,818,3,5
2446,819,26,1
2447,819,12,3
2448,819,15,2
2449,820,28,5
2450,820,4,2
2451,820,26,3
2452,820,27,3
2453,821,12,5
2454,821,30,3
2455,821,17,5
2456,821,24,4
2457,822,8,5
2458,822,26,4
2459,822,28,5
2460,822,15,4
2461,822,5,2
2462,823,20,4
2463,823,29,5
2464,823,3,4
2465,823,15,4
2466,823,19,5
2467,824,21,5
2468,824,27,4
2469,825,20,1
2470,825,6,4
2471,825,2,2
2472,825,5,4
2473,825,30,5
2474,826,23,2
2475,826,13,3
2476,826,30,5
2477,827,22,4
2478,827,20,4
2479,827,9,3
2480,827,19,4
2481,828,20,1
2482,829,18,2
2483,829,5,4
2484,829,23,3
2485,829,22,2
2486,830,29,4
2487,830,2,5
2488,830,10,1
2489,830,7,4
2490,831,10,3
2491,831,25,5
2492,831,29,3
2493,832,2,3
2494,832,20,2
2495,832,28,1
2496,832,16,5
2497,832,11,1
2498,833,23,5
2499,833,4,2
2500,833,15,2
2501,834,17,1
2502,834,11,4
2503,834,1,4
2504,834,21,2
2505,835,10,4
2506,835,12,3
2507,836,11,2
2508,836,13,3
2509,837,3,2
2510,837,27,1
2511,837,22,2
2512,837,17,2
2513,838,22,4
2514,838,6,4
2515,838,25,5
2516,838,10,4
2517,839,8,1
2518,839,13,1
2519,840,15,5
2520,840,22,5
2521,841,20,2
2522,842,27,1
2523,842,16,2
2524,842,26,1
2525,843,12,1
2526,843,26,1
2527,844,25,2
2528,844,16,4
2529,845,2,1
2530,845,19,4
2531,845,4,3
2532,845,25,2
2533,846,15,4
2534,846,5,4
2535,846,20,5
2536,846,7,5
2537,846,10,5
2538,847,24,2
2539,847,26,4
2540,848,13,4
2541,848,22,5
2542,848,4,1
2543,848,1,5
2544,849,20,2
2545,849,6,3
2546,849,23,5
2547,849,27,3
2548,850,4,5
2549,850,8,3
2550,850,14,4
2551,850,16,1
2552,850,13,5
2553,851,17,1
2554,851,22,4
2555,851,2,5
2556,851,13,3
2557,852,23,3
2558,852,14,3
2559,852,1,5
2560,852,3,1
2561,853,19,5
2562,853,27,4
2563,853,3,5
2564,853,9,5
2565,854,22,2
2566,855,5,4
2567,855,27,1
2568,855,8,1
2569,855,20,4
2570,855,23,3
2571,856,29,2
2572,856,16,3
2573,856,20,3
2574,857,26,5
2575,858,17,2
2576,859,20,5
2577,859,16,3
2578,859,1,3
2579,859,28,3
2580,859,5,3
2581,860,12,4
2582,860,13,4
2583,860,9,4
2584,860,19,3
2585,861,13,3
2586,861,28,1
2587,861,22,4
2588,862,15,5
2589,862,13,3
2590,862,19,4
2591,862,8,2
2592,863,16,3
2593,863,26,3
2594,864,28,1
2595,864,20,3
2596,864,16,3
2597,864,12,3
2598,864,26,2
2599,865,11,2
2600,865,19,4
2601,865,6,1
2602,866,28,1
2603,866,3,3
2604,867,22,3
2605,867,7,5
2606,867,4,1
2607,867,12,2
2608,868,11,3
2609,868,21,5
2610,868,14,5
2611,868,24,1
2612,869,25,5
2613,869,22,1
2614,869,20,4
2615,869,11,1
2616,869,7,2
2617,870,28,1
2618,870,23,5
2619,870,18,4
2620,871,15,1
2621,871,26,1
2622,871,22,5
2623,872,1,4
2624,872,14,3
2625,872,30,4
2626,873,3,4
2627,874,13,1
2628,874,19,2
2629,874,27,5
2630,874,22,4
2631,874,26,1
2632,875,7,1
2633,875,18,1
2634,876,10,2
2635,877,7,5
2636,878,6,3
2637,878,20,1
2638,879,12,5
2639,880,2,4
2640,880,17,4
2641,880,11,2
2642,880,4,1
2643,881,9,5
2644,881,3,5
2645,882,4,2
2646,882,20,3
2647,882,11,3
2648,883,18,4
2649,884,29,3
2650,884,15,3
2651,884,27,4
2652,884,5,1
2653,885,16,1
2654,885,4,3
2655,886,12,4
2656,886,30,4
2657,887,26,5
2658,887,7,5
2659,888,26,2
2660,889,13,4
2661,889,8,3
2662,890,18,5
2663,890,30,1
2664,890,10,1
2665,890,5,4
2666,890,22,3
2667,891,22,5
2668,892,23,5
2669,892,1,3
2670,892,30,5
2671,892,15,2
2672,893,7,5
2673,893,12,2
2674,893,3,3
2675,893,18,4
2676,894,26,1
2677,894,12,3
2678,894,11,4
2679,894,27,2
2680,894,4,1
2681,895,29,2
2682,895,12,2
2683,896,23,1
2684,897,23,3
2685,897,16,4
2686,897,28,3
2687,897,17,1
2688,897,26,5
2689,898,23,5
2690,898,10,5
2691,898,27,2
2692,898,7,2
2693,898,15,5
2694,899,15,3
2695,899,19,2
2696,899,28,5
2697,900,6,4
2698,900,15,5
2699,900,29,3
2700,901,8,2
2701,901,20,4
2702,901,19,5
2703,902,13,5
2704,902,3,1
2705,902,28,5
2706,903,25,2
2707,903,9,1
2708,903,5,4
2709,903,1,2
2710,903,11,1
2711,904,18,4
2712,905,17,4
2713,906,14,1
2714,906,4,1
2715,907,6,5
2716,907,11,1
2717,907,18,5
2718,908,14,4
2719,908,18,3
2720,908,28,1
2721,909,19,3
2722,909,15,1
2723,909,8,4
2724,909,28,1
2725,910,14,1
2726,910,2,3
2727,910,26,5
2728,910,13,5
2729,911,20,2
2730,912,2,2
2731,912,23,5
2732,913,15,4
2733,913,13,2
2734,914,23,3
2735,915,3,5
2736,915,26,5
2737,915,12,1
2738,916,19,3
2739,917,18,4
2740,917,23,4
2741,917,28,4
2742,918,1,3
2743,918,28,3
2744,918,20,5
2745,919,5,2
2746,920,2,3
2747,920,8,5
2748,920,30,4
2749,921,16,3
2750,921,28,5
2751,921,14,4
2752,921,23,5
2753,922,8,5
2754,922,25,1
2755,923,6,3
2756,924,11,5
2757,924,18,1
2758,924,21,1
2759,925,13,4
2760,925,18,3
2761,925,15,3
2762,926,7,2
2763,926,16,4
2764,927,6,3
2765,927,9,5
2766,927,13,1
2767,928,26,5
2768,928,13,1
2769,928,23,4
2770,928,5,5
2771,928,28,1
2772,929,9,2
2773,929,25,2
2774,929,18,1
2775,929,6,3
2776,930,29,5
2777,931,14,2
2778,931,8,3
2779,931,23,5
2780,932,1,3
2781,932,18,1
2782,932,20,5
2783,933,3,1
2784,933,4,1
2785,933,13,1
2786,933,28,3
2787,933,2,1
2788,934,29,3
2789,934,23,3
2790,935,16,3
2791,936,1,2
2792,937,1,2
2793,937,16,4
2794,937,8,2
2795,938,25,5
2796,938,13,5
2797,939,6,1
2798,939,16,3
2799,940,10,1
2800,940,20,2
2801,941,24,4
2802,941,29,1
2803,941,15,4
2804,941,8,1
2805,942,9,2
2806,942,4,1
2807,942,16,3
2808,942,25,4
2809,942,5,5
2810,943,15,2
2811,943,2,5
2812,943,13,4
2813,943,10,5
2814,944,29,1
2815,944,8,3
2816,945,30,5
2817,946,3,5
2818,946,29,2
2819,946,13,4
2820,947,12,5
2821,947,10,4
2822,947,24,1
2823,947,20,2
2824,947,22,4
2825,948,23,5
2826,948,14,2
2827,948,19,5
2828,948,25,2
2829,948,20,4
2830,949,13,2
2831,950,13,2
2832,951,10,3
2833,951,26,3
2834,951,18,3
2835,951,22,4
2836,952,19,3
2837,952,28,3
2838,952,30,1
2839,952,4,1
2840,952,12,3
2841,953,19,4
2842,954,17,1
2843,954,16,3
2844,954,8,2
2845,955,16,4
2846,955,19,2
2847,955,17,5
2848,955,13,3
2849,956,2,4
2850,956,25,2
2851,957,30,1
2852,957,23,1
2853,957,14,3
2854,957,26,3
2855,957,2,4
2856,958,11,5
2857,958,14,3
2858,958,26,5
2859,959,8,3
2860,959,20,3
2861,959,7,1
2862,960,1,5
2863,960,8,4
2864,960,3,3
2865,960,22,5
2866,960,7,3
2867,961,27,4
2868,962,27,3
2869,963,21,1
2870,963,18,4
2871,964,9,3
2872,964,17,3
2873,964,16,5
2874,964,3,4
2875,964,15,3
2876,965,14,5
2877,965,29,1
2878,965,28,4
2879,965,23,2
2880,966,22,2
2881,966,15,3
2882,967,4,3
2883,967,30,5
2884,968,2,5
2885,969,17,5
2886,969,1,2
2887,969,30,4
2888,969,14,1
2889,970,2,2
2890,970,22,5
2891,970,23,5
2892,970,25,3
2893,970,17,5
2894,971,24,5
2895,972,21,5
2896,972,22,3
2897,972,5,2
2898,972,26,1
2899,973,17,2
2900,973,23,2
2901,973,4,5
2902,974,30,1
2903,974,7,1
2904,975,5,4
2905,975,16,3
2906,975,9,5
2907,975,8,1
2908,975,10,1
2909,976,9,3
2910,976,4,2
2911,977,6,3
2912,977,14,1
2913,977,18,1
2914,977,1,1
2915,977,24,4
2916,978,29,2
2917,978,27,3
2918,978,1,4
2919,978,10,1
2920,979,28,2
2921,979,23,2
2922,979,10,1
2923,979,13,2
2924,980,17,5
2925,980,11,5
2926,980,10,1
2927,980,15,2
2928,980,23,3
2929,981,2,2
2930,981,4,3
2931,982,10,2
2932,982,1,4
2933,983,20,2
2934,984,29,5
2935,984,26,1
2936,984,27,4
2937,985,19,3
2938,985,6,4
2939,986,6,1
2940,986,22,1
2941,986,17,3
2942,987,23,4
2943,988,30,5
2944,988,22,3
2945,988,20,5
2946,989,9,2
2947,989,2,1
2948,989,30,2
2949,990,17,1
2950,990,15,3
2951,991,25,4
2952,991,2,3
2953,991,18,5
2954,992,20,5
2955,993,6,5
2956,993,1,3
2957,993,27,5
2958,993,21,4
2959,993,29,2
2960,994,1,4
2961,994,10,3
2962,994,17,1
2963,994,27,4
2964,995,7,4
2965,995,15,2
2966,995,14,5
2967,995,4,3
2968,995,2,2
2969,996,29,1
2970,996,5,4
2971,997,20,1
2972,998,26,3
2973,998,18,5
2974,998,1,2
2975,998,13,4
2976,998,27,2
2977,999,15,4
2978,1000,23,3
2979,1000,25,5
2980,1000,29,2
2981,1000,26,1
2982,1000,16,5
